,umbrella,rating_overall,rating_balance,rating_culture,rating_career,rating_comp,rating_mgmt,Doctors Always Communicated Well,"Emergency Department Visits, Total",Number of Beds,Nurses Always Communicated Well,Patients Always Received Help As Soon As They Wanted,Patients Would Definitely Recommend This Hospital to Friends and Family,Percent RN Nursing Staff Hours (Critical Care),Percentage of Nursing Hours Worked by Contractual RNs (Critical Care),Percentage of Nursing Hours Worked by Contractual RNs (Medical-Surgical),Time from ED arrival to diagnostic evaluation by a qualified medical professional,Percent RN Nursing Staff Hours (Medical-Surgical),Total RN Nursing Hours per Patient Day (Critical Care),Total RN Nursing Hours per Patient Day (Medical-Surgical),Percentage of Nursing Hours Worked by Hospital Employed RNs (Medical-Surgical),Heart Attack 30-Day Mortality Rate,Pneumonia 30-Day Mortality Rate,"Median Length of Stay for DRG 638, Diabetes with Complications",Median Length of Stay: Septicemia with Multiple Complications,Lat,Opioid overdose,label,Hosp_Name,County_ADAMS,County_BOND,County_BOONE,County_BUREAU,County_CHAMPAIGN,County_CHRISTIAN,County_CLAY,County_CLINTON,County_COLES,County_COOK,County_CRAWFORD,County_DE KALB,County_DE WITT,County_DUPAGE,County_EDGAR,County_EFFINGHAM,County_FAYETTE,County_FORD,County_FRANKLIN,County_FULTON,County_GREENE,County_GRUNDY,County_HAMILTON,County_HANCOCK,County_HARDIN,County_HENRY,County_IROQUOIS,County_JACKSON,County_JEFFERSON,County_JERSEY,County_JO DAVIESS,County_KANE,County_KANKAKEE,County_KNOX,County_LA SALLE,County_LAKE,County_LAWRENCE,County_LEE,County_LIVINGSTON,County_LOGAN,County_MACON,County_MACOUPIN,County_MADISON,County_MARION,County_MASON,County_MASSAC,County_MC DONOUGH,County_MC HENRY,County_MCLEAN,County_MERCER,County_MONTGOMERY,County_MORGAN,County_OGLE,County_PEORIA,County_PERRY,County_PIATT,County_PIKE,County_RANDOLPH,County_RICHLAND,County_ROCK ISLAND,County_SALINE,County_SANGAMON,County_SCHUYLER,County_SHELBY,County_ST CLAIR,County_STEPHENSON,County_TAZEWELL,County_UNION,County_VERMILION,County_VERMILLION,County_WABASH,County_WARREN,County_WASHINGTON,County_WAYNE,County_WHITESIDE,County_WILL,County_WILLIAMSON,County_WINNEBAGO,County_WOODFORD
0,0.0,3.0,5.0,3.0,2.0,3.0,3.0,84.0,15573.0,25.0,79.0,72.0,75.0,0.0,0.0,8.05,15.0,57.53,0.0,6.53,44.53,13.36,18.8,2.5,3.0,40.15002,22.0,1,Abraham Lincoln Memorial,0,0,0,0,0,0,0,0,0,0,0,0,0,0,0,0,0,0,0,0,0,0,0,0,0,0,0,0,0,0,0,0,0,0,0,0,0,0,0,1,0,0,0,0,0,0,0,0,0,0,0,0,0,0,0,0,0,0,0,0,0,0,0,0,0,0,0,0,0,0,0,0,0,0,0,0,0,0,0
1,1.0,2.8,2.90909090909091,2.9523809523809503,3.21052631578947,3.1666666666666696,2.6666666666666696,81.0,28529.0,221.0,81.0,65.0,77.0,88.56,3.76,1.94,19.0,64.86,15.17,5.39,66.35,13.5,16.6,2.0,4.0,40.49736,62.0,1,Advocate BroMenn Medical Center,0,0,0,0,0,0,0,0,0,0,0,0,0,0,0,0,0,0,0,0,0,0,0,0,0,0,0,0,0,0,0,0,0,0,0,0,0,0,0,0,0,0,0,0,0,0,0,0,1,0,0,0,0,0,0,0,0,0,0,0,0,0,0,0,0,0,0,0,0,0,0,0,0,0,0,0,0,0,0
2,1.0,3.9,3.5,3.6,3.6,3.5,3.2,78.0,111224.0,802.0,80.0,67.0,71.0,88.25,0.0,0.0,59.0,68.06,17.25,5.66,71.94,12.0,14.2,2.0,5.0,41.721990000000005,12541.0,1,Advocate Christ Medical Center - Oak Lawn,0,0,0,0,0,0,0,0,0,1,0,0,0,0,0,0,0,0,0,0,0,0,0,0,0,0,0,0,0,0,0,0,0,0,0,0,0,0,0,0,0,0,0,0,0,0,0,0,0,0,0,0,0,0,0,0,0,0,0,0,0,0,0,0,0,0,0,0,0,0,0,0,0,0,0,0,0,0,0
3,1.0,4.0,3.9,4.0,3.8,4.2,3.7,77.0,57728.0,273.0,78.0,63.0,72.0,83.14,0.0,0.0,20.0,59.84,17.57,5.72,60.83,11.8,16.5,3.0,6.0,42.27503,588.0,1,Advocate Condell Medical Center,0,0,0,0,0,0,0,0,0,0,0,0,0,0,0,0,0,0,0,0,0,0,0,0,0,0,0,0,0,0,0,0,0,0,0,1,0,0,0,0,0,0,0,0,0,0,0,0,0,0,0,0,0,0,0,0,0,0,0,0,0,0,0,0,0,0,0,0,0,0,0,0,0,0,0,0,0,0,0
4,1.0,3.0,3.5,3.8,3.5,4.0,2.8,95.0,3551.0,25.0,92.0,77.0,91.0,0.0,0.0,0.0,14.0,83.39,0.0,12.94,86.03,13.060000000000002,16.5,2.4,2.5,40.72143,5.0,0,Advocate Eureka Hospital,0,0,0,0,0,0,0,0,0,0,0,0,0,0,0,0,0,0,0,0,0,0,0,0,0,0,0,0,0,0,0,0,0,0,0,0,0,0,0,0,0,0,0,0,0,0,0,0,0,0,0,0,0,0,0,0,0,0,0,0,0,0,0,0,0,0,0,0,0,0,0,0,0,0,0,0,0,0,1
5,1.0,2.5,2.5,2.5,2.0,2.0,3.0,82.0,41294.0,284.0,83.0,67.0,79.0,89.01,1.5,0.85,29.0,61.22,13.55,6.89,61.36,10.6,13.9,2.0,5.0,41.81852,1074.0,1,Advocate Good Samaritan - Downers Grove,0,0,0,0,0,0,0,0,0,0,0,0,0,1,0,0,0,0,0,0,0,0,0,0,0,0,0,0,0,0,0,0,0,0,0,0,0,0,0,0,0,0,0,0,0,0,0,0,0,0,0,0,0,0,0,0,0,0,0,0,0,0,0,0,0,0,0,0,0,0,0,0,0,0,0,0,0,0,0
6,1.0,5.0,4.5,5.0,4.5,4.0,4.5,79.0,34808.0,176.0,82.0,61.0,77.0,80.53,0.0,0.0,18.0,67.19,12.41,6.15,68.3,12.0,15.3,2.0,5.0,42.19682,588.0,1,Advocate Good Shepherd Barrington,0,0,0,0,0,0,0,0,0,0,0,0,0,0,0,0,0,0,0,0,0,0,0,0,0,0,0,0,0,0,0,0,0,0,0,1,0,0,0,0,0,0,0,0,0,0,0,0,0,0,0,0,0,0,0,0,0,0,0,0,0,0,0,0,0,0,0,0,0,0,0,0,0,0,0,0,0,0,0
7,1.0,3.3,4.0,3.0,3.4,2.7,3.0,79.0,41781.0,397.0,80.0,69.0,72.0,92.46,0.0,0.0,40.0,71.71,16.82,7.34,72.08,12.5,15.0,2.0,4.0,41.93636,12541.0,1,Advocate Illinois Masonic Medical Center,0,0,0,0,0,0,0,0,0,1,0,0,0,0,0,0,0,0,0,0,0,0,0,0,0,0,0,0,0,0,0,0,0,0,0,0,0,0,0,0,0,0,0,0,0,0,0,0,0,0,0,0,0,0,0,0,0,0,0,0,0,0,0,0,0,0,0,0,0,0,0,0,0,0,0,0,0,0,0
8,1.0,3.625,3.4,3.625,3.6,3.5,3.2,78.0,72113.0,638.0,78.0,61.0,75.0,92.85,0.0,0.0,27.0,64.02,15.55,6.71,64.25,12.8,13.2,2.0,5.0,42.03845,12541.0,1,Advocate Lutheran General Hospital,0,0,0,0,0,0,0,0,0,1,0,0,0,0,0,0,0,0,0,0,0,0,0,0,0,0,0,0,0,0,0,0,0,0,0,0,0,0,0,0,0,0,0,0,0,0,0,0,0,0,0,0,0,0,0,0,0,0,0,0,0,0,0,0,0,0,0,0,0,0,0,0,0,0,0,0,0,0,0
9,1.0,4.1,3.5,3.6,3.6,3.5,3.2,77.0,57011.0,255.0,82.0,68.0,75.0,90.68,0.0,0.22,19.0,74.08,15.0,6.43,76.07,11.9,13.5,2.0,5.0,42.06889,396.0,1,Advocate Sherman Hospital,0,0,0,0,0,0,0,0,0,0,0,0,0,0,0,0,0,0,0,0,0,0,0,0,0,0,0,0,0,0,0,1,0,0,0,0,0,0,0,0,0,0,0,0,0,0,0,0,0,0,0,0,0,0,0,0,0,0,0,0,0,0,0,0,0,0,0,0,0,0,0,0,0,0,0,0,0,0,0
10,1.0,4.0,3.5,3.6,3.6,3.5,3.2,80.0,45417.0,233.0,80.0,66.0,64.0,82.31,0.0,0.0,48.0,65.25,15.38,7.34,66.14,12.6,13.4,2.0,4.0,41.5662,12541.0,1,Advocate South Suburban Hospital,0,0,0,0,0,0,0,0,0,1,0,0,0,0,0,0,0,0,0,0,0,0,0,0,0,0,0,0,0,0,0,0,0,0,0,0,0,0,0,0,0,0,0,0,0,0,0,0,0,0,0,0,0,0,0,0,0,0,0,0,0,0,0,0,0,0,0,0,0,0,0,0,0,0,0,0,0,0,0
11,1.0,3.2,3.5,3.6,3.6,3.5,3.2,79.0,39605.0,205.0,77.0,63.0,53.0,90.25,0.0,0.0,39.0,62.34,12.03,5.28,62.16,12.3,16.9,3.0,4.0,41.7266,12541.0,1,Advocate Trinity Hospital,0,0,0,0,0,0,0,0,0,1,0,0,0,0,0,0,0,0,0,0,0,0,0,0,0,0,0,0,0,0,0,0,0,0,0,0,0,0,0,0,0,0,0,0,0,0,0,0,0,0,0,0,0,0,0,0,0,0,0,0,0,0,0,0,0,0,0,0,0,0,0,0,0,0,0,0,0,0,0
12,0.0,4.0,3.72222222222222,4.11111111111111,4.11111111111111,3.55555555555556,3.375,76.0,35566.0,181.0,78.0,64.0,71.0,90.26,0.0,0.0,16.0,92.03,15.11,6.9,77.08,12.6,17.2,3.0,4.0,38.89974,295.0,0,Alton Memorial Hospital,0,0,0,0,0,0,0,0,0,0,0,0,0,0,0,0,0,0,0,0,0,0,0,0,0,0,0,0,0,0,0,0,0,0,0,0,0,0,0,0,0,0,1,0,0,0,0,0,0,0,0,0,0,0,0,0,0,0,0,0,0,0,0,0,0,0,0,0,0,0,0,0,0,0,0,0,0,0,0
13,1.0,3.71428571428571,3.6666666666666696,3.8333333333333304,3.1666666666666696,3.5,3.6,77.0,35670.0,138.0,77.0,59.0,64.0,98.38,0.24,0.0,22.0,67.5,15.54,5.67,67.98,12.7,13.6,2.0,4.0,40.15002,22.0,1,AMITA Health Adventist Medical Center Bolingbrook - AMITA,0,0,0,0,0,0,0,0,0,0,0,0,0,0,0,0,0,0,0,0,0,0,0,0,0,0,0,0,0,0,0,0,0,0,0,0,0,0,0,1,0,0,0,0,0,0,0,0,0,0,0,0,0,0,0,0,0,0,0,0,0,0,0,0,0,0,0,0,0,0,0,0,0,0,0,0,0,0,0
14,1.0,4.33333333333333,3.8333333333333304,4.33333333333333,4.0,4.16666666666667,4.16666666666667,72.0,21344.0,143.0,75.0,60.0,57.0,80.61,0.76,2.44,11.0,65.47,14.45,6.34,62.78,12.0,17.0,2.0,6.0,40.15002,22.0,1,AMITA Health Adventist Medical Center Glen Oaks - AMITA,0,0,0,0,0,0,0,0,0,0,0,0,0,0,0,0,0,0,0,0,0,0,0,0,0,0,0,0,0,0,0,0,0,0,0,0,0,0,0,1,0,0,0,0,0,0,0,0,0,0,0,0,0,0,0,0,0,0,0,0,0,0,0,0,0,0,0,0,0,0,0,0,0,0,0,0,0,0,0
15,1.0,3.8,3.44444444444444,4.0,3.44444444444444,3.44444444444444,3.0,81.0,25981.0,261.0,81.0,69.0,76.0,92.12,0.0,0.0,18.0,74.74,15.62,6.45,72.75,12.5,16.0,3.0,5.0,41.80531,1074.0,1,AMITA Health Adventist Medical Center Hinsdale - AMITA,0,0,0,0,0,0,0,0,0,0,0,0,0,1,0,0,0,0,0,0,0,0,0,0,0,0,0,0,0,0,0,0,0,0,0,0,0,0,0,0,0,0,0,0,0,0,0,0,0,0,0,0,0,0,0,0,0,0,0,0,0,0,0,0,0,0,0,0,0,0,0,0,0,0,0,0,0,0,0
16,1.0,2.6666666666666696,3.1666666666666696,3.0,3.5,3.3333333333333304,2.6666666666666696,81.0,28837.0,186.0,84.0,76.0,77.0,94.12,0.0,0.0,18.0,64.99,16.37,5.97,65.72,11.2,15.1,2.5,5.0,41.79659,12541.0,1,AMITA Health Adventist Medical Center LaGrange - AMITA,0,0,0,0,0,0,0,0,0,1,0,0,0,0,0,0,0,0,0,0,0,0,0,0,0,0,0,0,0,0,0,0,0,0,0,0,0,0,0,0,0,0,0,0,0,0,0,0,0,0,0,0,0,0,0,0,0,0,0,0,0,0,0,0,0,0,0,0,0,0,0,0,0,0,0,0,0,0,0
17,1.0,2.9,3.0,3.5,3.625,3.5,2.75,76.0,43200.0,401.0,78.0,63.0,69.0,73.33,0.0,0.0,32.0,74.82,15.84,7.94,76.92,12.0,10.3,3.0,7.0,42.004709999999996,12541.0,0,AMITA Health Alexian Brothers Medical Center - Elk Grove,0,0,0,0,0,0,0,0,0,1,0,0,0,0,0,0,0,0,0,0,0,0,0,0,0,0,0,0,0,0,0,0,0,0,0,0,0,0,0,0,0,0,0,0,0,0,0,0,0,0,0,0,0,0,0,0,0,0,0,0,0,0,0,0,0,0,0,0,0,0,0,0,0,0,0,0,0,0,0
18,1.0,2.85714285714286,2.28571428571429,3.0,2.3333333333333304,1.8333333333333302,1.6666666666666698,79.0,36823.0,292.0,81.0,61.0,68.0,97.83,0.0,0.0,17.0,65.4,14.98,5.21,66.24,12.7,18.9,2.0,5.0,41.78542,396.0,1,AMITA Health Mercy Medical Center Aurora - AMITA,0,0,0,0,0,0,0,0,0,0,0,0,0,0,0,0,0,0,0,0,0,0,0,0,0,0,0,0,0,0,0,1,0,0,0,0,0,0,0,0,0,0,0,0,0,0,0,0,0,0,0,0,0,0,0,0,0,0,0,0,0,0,0,0,0,0,0,0,0,0,0,0,0,0,0,0,0,0,0
19,0.0,2.375,2.9285714285714306,2.57142857142857,2.71428571428571,2.71428571428571,2.2,74.0,39710.0,337.0,77.0,62.0,62.0,82.74,2.27,0.17,7.0,69.91,13.74,5.98,70.85,10.1,13.5,2.5,5.0,41.98793,12541.0,0,AMITA Health Resurrection Medical Center,0,0,0,0,0,0,0,0,0,1,0,0,0,0,0,0,0,0,0,0,0,0,0,0,0,0,0,0,0,0,0,0,0,0,0,0,0,0,0,0,0,0,0,0,0,0,0,0,0,0,0,0,0,0,0,0,0,0,0,0,0,0,0,0,0,0,0,0,0,0,0,0,0,0,0,0,0,0,0
20,1.0,3.13793103448276,3.2,3.4,3.3,3.3,2.6,79.0,33961.0,215.0,75.0,57.0,63.0,87.45,5.88,0.9,10.0,63.84,13.73,5.73,65.29,12.6,16.3,2.0,4.0,42.05285,12541.0,1,AMITA Health Saint Alexius Medical Center,0,0,0,0,0,0,0,0,0,1,0,0,0,0,0,0,0,0,0,0,0,0,0,0,0,0,0,0,0,0,0,0,0,0,0,0,0,0,0,0,0,0,0,0,0,0,0,0,0,0,0,0,0,0,0,0,0,0,0,0,0,0,0,0,0,0,0,0,0,0,0,0,0,0,0,0,0,0,0
21,1.0,3.8,3.3,4.0,3.3333333333333304,3.0,3.625,80.0,19857.0,338.0,75.0,56.0,67.0,98.64,0.76,4.76,7.0,75.44,13.15,4.64,71.42,10.6,12.6,2.0,5.0,42.024409999999996,12541.0,1,AMITA Health Saint Francis Hospital Evanston - AMITA,0,0,0,0,0,0,0,0,0,1,0,0,0,0,0,0,0,0,0,0,0,0,0,0,0,0,0,0,0,0,0,0,0,0,0,0,0,0,0,0,0,0,0,0,0,0,0,0,0,0,0,0,0,0,0,0,0,0,0,0,0,0,0,0,0,0,0,0,0,0,0,0,0,0,0,0,0,0,0
22,1.0,2.9,3.11111111111111,3.3333333333333304,3.6666666666666696,3.11111111111111,2.1111111111111103,77.0,23925.0,184.0,79.0,58.0,64.0,93.51,4.95,0.19,11.0,72.39,15.89,6.32,74.91,11.5,16.5,3.0,6.0,41.77883,12541.0,1,AMITA Health Saint Joseph Hospital Chicago - AMITA,0,0,0,0,0,0,0,0,0,1,0,0,0,0,0,0,0,0,0,0,0,0,0,0,0,0,0,0,0,0,0,0,0,0,0,0,0,0,0,0,0,0,0,0,0,0,0,0,0,0,0,0,0,0,0,0,0,0,0,0,0,0,0,0,0,0,0,0,0,0,0,0,0,0,0,0,0,0,0
23,1.0,2.625,2.5,2.3333333333333304,1.8333333333333302,1.8333333333333302,1.5,76.0,57237.0,498.0,77.0,63.0,63.0,90.65,0.1,0.0,40.0,66.85,16.73,6.81,71.54,11.9,16.6,3.0,5.0,42.035509999999995,396.0,0,AMITA Health Saint Joseph Hospital Elgin - AMITA,0,0,0,0,0,0,0,0,0,0,0,0,0,0,0,0,0,0,0,0,0,0,0,0,0,0,0,0,0,0,0,1,0,0,0,0,0,0,0,0,0,0,0,0,0,0,0,0,0,0,0,0,0,0,0,0,0,0,0,0,0,0,0,0,0,0,0,0,0,0,0,0,0,0,0,0,0,0,0
24,1.0,2.7,2.7,2.8,2.9,2.8,2.1111111111111103,82.0,62231.0,495.0,80.0,63.0,73.0,100.0,0.0,0.0,20.0,76.5,13.2,6.25,77.19,12.7,12.5,3.0,5.0,41.52765,722.0,1,AMITA Health Saint Joseph Hospital Joliet - AMITA,0,0,0,0,0,0,0,0,0,0,0,0,0,0,0,0,0,0,0,0,0,0,0,0,0,0,0,0,0,0,0,0,0,0,0,0,0,0,0,0,0,0,0,0,0,0,0,0,0,0,0,0,0,0,0,0,0,0,0,0,0,0,0,0,0,0,0,0,0,0,0,0,0,0,0,1,0,0,0
25,1.0,3.4,3.3333333333333304,4.0,4.33333333333333,4.33333333333333,4.0,74.0,56334.0,318.0,76.0,61.0,66.0,90.54,0.0,0.0,24.0,75.17,16.29,6.98,75.18,12.8,15.2,3.0,6.0,41.1206,122.0,1,AMITA Health Saint Mary's Hospital Kankakee - AMITA,0,0,0,0,0,0,0,0,0,0,0,0,0,0,0,0,0,0,0,0,0,0,0,0,0,0,0,0,0,0,0,0,1,0,0,0,0,0,0,0,0,0,0,0,0,0,0,0,0,0,0,0,0,0,0,0,0,0,0,0,0,0,0,0,0,0,0,0,0,0,0,0,0,0,0,0,0,0,0
26,1.0,1.33333333333333,1.6666666666666698,1.0,1.0,1.0,1.0,82.0,27626.0,182.0,82.0,72.0,74.0,91.59,0.0,0.0,18.0,71.68,14.34,7.89,77.37,12.1,16.7,2.0,5.0,41.90287,12541.0,0,AMITA Health Saints Mary and Elizabeth - AMITA,0,0,0,0,0,0,0,0,0,1,0,0,0,0,0,0,0,0,0,0,0,0,0,0,0,0,0,0,0,0,0,0,0,0,0,0,0,0,0,0,0,0,0,0,0,0,0,0,0,0,0,0,0,0,0,0,0,0,0,0,0,0,0,0,0,0,0,0,0,0,0,0,0,0,0,0,0,0,0
27,0.0,3.5217391304347796,3.38888888888889,3.3333333333333304,2.6666666666666696,3.22222222222222,2.61111111111111,81.0,55830.0,134.0,81.0,73.0,73.0,97.28,0.73,2.23,30.0,62.38,15.92,5.27,60.18,13.3,16.9,3.0,4.0,38.73679,295.0,1,Anderson Hospital,0,0,0,0,0,0,0,0,0,0,0,0,0,0,0,0,0,0,0,0,0,0,0,0,0,0,0,0,0,0,0,0,0,0,0,0,0,0,0,0,0,0,1,0,0,0,0,0,0,0,0,0,0,0,0,0,0,0,0,0,0,0,0,0,0,0,0,0,0,0,0,0,0,0,0,0,0,0,0
28,0.0,3.716,3.65555555555556,3.79185520361991,3.3378995433789997,3.2242990654205603,3.24064171122995,78.0,53203.0,360.0,75.8,62.6,61.0,0.0,0.0,0.0,41.0,0.0,0.0,0.0,0.0,12.180000000000001,14.580000000000002,2.6,5.2,41.896229999999996,12541.0,0,Ann & Robert H Lurie Childrens Hospital,0,0,0,0,0,0,0,0,0,1,0,0,0,0,0,0,0,0,0,0,0,0,0,0,0,0,0,0,0,0,0,0,0,0,0,0,0,0,0,0,0,0,0,0,0,0,0,0,0,0,0,0,0,0,0,0,0,0,0,0,0,0,0,0,0,0,0,0,0,0,0,0,0,0,0,0,0,0,0
29,0.0,3.6451612903225805,3.60344827586207,3.4310344827586206,3.68965517241379,3.5862068965517206,3.0,79.0,40468.0,327.0,80.0,65.0,70.0,80.55,5.41,10.73,10.0,60.3,14.19,5.19,45.23,12.7,14.1,3.0,5.0,39.93493,13.0,1,Blessing Hospital,1,0,0,0,0,0,0,0,0,0,0,0,0,0,0,0,0,0,0,0,0,0,0,0,0,0,0,0,0,0,0,0,0,0,0,0,0,0,0,0,0,0,0,0,0,0,0,0,0,0,0,0,0,0,0,0,0,0,0,0,0,0,0,0,0,0,0,0,0,0,0,0,0,0,0,0,0,0,0
30,0.0,3.48550724637681,3.4262295081967205,3.4344262295082,3.55737704918033,3.3264462809917403,3.09821428571429,79.0,87313.0,433.0,81.0,66.0,76.0,76.34,7.94,3.79,15.0,65.51,17.67,6.39,61.94,13.8,12.6,2.0,5.0,40.11718,110.0,0,Carle Foundation Hospital,0,0,0,0,1,0,0,0,0,0,0,0,0,0,0,0,0,0,0,0,0,0,0,0,0,0,0,0,0,0,0,0,0,0,0,0,0,0,0,0,0,0,0,0,0,0,0,0,0,0,0,0,0,0,0,0,0,0,0,0,0,0,0,0,0,0,0,0,0,0,0,0,0,0,0,0,0,0,0
31,0.0,3.16,2.8688888888888897,3.0222222222222217,2.344444444444444,2.5,2.2022222222222223,88.0,10268.0,24.0,79.0,80.0,62.0,0.0,0.0,1.34,20.2,64.43,0.0,7.88,33.09,13.059999999999999,14.3,2.0,2.0,40.45839,139.0,1,Carle Hoopeston Regional Hospital,0,0,0,0,0,0,0,0,0,0,0,0,0,0,0,0,0,0,0,0,0,0,0,0,0,0,0,0,0,0,0,0,0,0,0,0,0,0,0,0,0,0,0,0,0,0,0,0,0,0,0,0,0,0,0,0,0,0,0,0,0,0,0,0,0,0,0,0,1,0,0,0,0,0,0,0,0,0,0
32,0.0,5.0,5.0,5.0,5.0,5.0,5.0,93.0,6417.0,25.0,92.0,85.0,85.0,0.0,0.0,5.52,14.2,59.12,0.0,8.73,53.95,13.060000000000002,15.5,3.0,3.5,39.28221,23.0,0,Carlinville Area Hospital,0,0,0,0,0,0,0,0,0,0,0,0,0,0,0,0,0,0,0,0,0,0,0,0,0,0,0,0,0,0,0,0,0,0,0,0,0,0,0,0,0,1,0,0,0,0,0,0,0,0,0,0,0,0,0,0,0,0,0,0,0,0,0,0,0,0,0,0,0,0,0,0,0,0,0,0,0,0,0
33,0.0,2.94117647058824,3.2727272727272703,3.2727272727272703,3.18181818181818,3.09090909090909,2.45454545454545,81.0,25809.0,98.0,84.0,75.0,67.0,64.45,0.0,0.0,14.0,54.12,7.36,5.24,48.74,13.0,14.8,2.0,4.0,41.80186,49.0,0,CGH Medical Center,0,0,0,0,0,0,0,0,0,0,0,0,0,0,0,0,0,0,0,0,0,0,0,0,0,0,0,0,0,0,0,0,0,0,0,0,0,0,0,0,0,0,0,0,0,0,0,0,0,0,0,0,0,0,0,0,0,0,0,0,0,0,0,0,0,0,0,0,0,0,0,0,0,0,1,0,0,0,0
34,0.0,3.6666666666666696,2.0,3.0,2.0,2.0,1.0,89.0,7197.0,20.0,80.0,69.0,65.0,0.0,0.0,1.828,20.0,52.16,0.0,10.492,49.818,13.24,14.5,2.0,2.0,38.67505,5.0,0,Clay County Hospital,0,0,0,0,0,0,1,0,0,0,0,0,0,0,0,0,0,0,0,0,0,0,0,0,0,0,0,0,0,0,0,0,0,0,0,0,0,0,0,0,0,0,0,0,0,0,0,0,0,0,0,0,0,0,0,0,0,0,0,0,0,0,0,0,0,0,0,0,0,0,0,0,0,0,0,0,0,0,0
35,0.0,2.1481481481481497,2.68181818181818,2.09090909090909,1.95454545454545,1.7142857142857097,1.52380952380952,74.0,38412.0,296.0,67.0,52.0,45.0,90.34,0.99,0.02,26.0,66.9,6.94,12.36,86.57,12.2,15.6,4.0,5.0,41.943495,12541.0,1,Community First Medical Center,0,0,0,0,0,0,0,0,0,1,0,0,0,0,0,0,0,0,0,0,0,0,0,0,0,0,0,0,0,0,0,0,0,0,0,0,0,0,0,0,0,0,0,0,0,0,0,0,0,0,0,0,0,0,0,0,0,0,0,0,0,0,0,0,0,0,0,0,0,0,0,0,0,0,0,0,0,0,0
36,0.0,3.5217391304347796,3.38888888888889,3.3333333333333304,2.6666666666666696,3.22222222222222,2.61111111111111,87.0,5037.0,25.0,89.0,90.0,84.0,0.0,0.0,0.0,16.4,93.26,0.0,18.14,95.67,13.060000000000002,14.8,4.0,1.0,39.01522,23.0,0,Community Memorial Hospital Anderson,0,0,0,0,0,0,0,0,0,0,0,0,0,0,0,0,0,0,0,0,0,0,0,0,0,0,0,0,0,0,0,0,0,0,0,0,0,0,0,0,0,1,0,0,0,0,0,0,0,0,0,0,0,0,0,0,0,0,0,0,0,0,0,0,0,0,0,0,0,0,0,0,0,0,0,0,0,0,0
37,0.0,3.5,3.25,3.25,3.625,3.5,2.5,91.0,8259.0,63.0,87.0,83.0,75.0,0.0,0.0,0.0,17.0,68.58,0.0,5.56,60.08,13.059999999999999,17.6,1.0,3.0,39.01323,5.0,1,Crawford Memorial Hospital,0,0,0,0,0,0,0,0,0,0,1,0,0,0,0,0,0,0,0,0,0,0,0,0,0,0,0,0,0,0,0,0,0,0,0,0,0,0,0,0,0,0,0,0,0,0,0,0,0,0,0,0,0,0,0,0,0,0,0,0,0,0,0,0,0,0,0,0,0,0,0,0,0,0,0,0,0,0,0
38,0.0,1.8333333333333302,1.6,1.8,1.4,2.4,1.25,83.0,9926.0,47.0,82.0,68.0,74.0,99.19,2.46,1.76,15.0,72.87,26.96,9.04,65.96,13.059999999999999,15.3,2.0,4.0,38.31191,19.0,1,Crossroads Community Hospital,0,0,0,0,0,0,0,0,0,0,0,0,0,0,0,0,0,0,0,0,0,0,0,0,0,0,0,0,1,0,0,0,0,0,0,0,0,0,0,0,0,0,0,0,0,0,0,0,0,0,0,0,0,0,0,0,0,0,0,0,0,0,0,0,0,0,0,0,0,0,0,0,0,0,0,0,0,0,0
39,0.0,3.2941176470588194,3.3125,3.43333333333333,3.46666666666667,3.1724137931034497,3.03571428571429,76.0,38406.0,300.0,76.0,64.0,69.0,72.58,17.6,11.83,22.0,52.11,12.47,4.56,42.64,14.1,15.5,3.0,5.0,39.86752,58.0,1,Decatur Memorial Hospital,0,0,0,0,0,0,0,0,0,0,0,0,0,0,0,0,0,0,0,0,0,0,0,0,0,0,0,0,0,0,0,0,0,0,0,0,0,0,0,0,1,0,0,0,0,0,0,0,0,0,0,0,0,0,0,0,0,0,0,0,0,0,0,0,0,0,0,0,0,0,0,0,0,0,0,0,0,0,0
40,0.0,3.62790697674419,3.4955752212389397,3.60909090909091,3.2272727272727297,3.3863636363636402,2.96,81.0,72322.0,371.0,80.0,66.0,78.0,89.49,0.0,0.09,13.0,64.37,15.58,6.14,64.52,11.4,14.2,2.0,5.0,41.761379999999996,1074.0,0,Edward Hospital,0,0,0,0,0,0,0,0,0,0,0,0,0,1,0,0,0,0,0,0,0,0,0,0,0,0,0,0,0,0,0,0,0,0,0,0,0,0,0,0,0,0,0,0,0,0,0,0,0,0,0,0,0,0,0,0,0,0,0,0,0,0,0,0,0,0,0,0,0,0,0,0,0,0,0,0,0,0,0
41,0.0,3.3333333333333304,3.1953125,3.5079365079365097,2.92063492063492,3.09677419354839,2.63793103448276,81.0,67800.0,264.0,81.0,69.0,78.0,86.62,0.0,0.0,24.0,72.07,10.15,5.04,68.44,13.3,14.8,2.0,5.0,41.90227,1074.0,0,Elmhurst Memorial Hospital,0,0,0,0,0,0,0,0,0,0,0,0,0,1,0,0,0,0,0,0,0,0,0,0,0,0,0,0,0,0,0,0,0,0,0,0,0,0,0,0,0,0,0,0,0,0,0,0,0,0,0,0,0,0,0,0,0,0,0,0,0,0,0,0,0,0,0,0,0,0,0,0,0,0,0,0,0,0,0
42,0.0,3.8,3.4,4.2,3.4,3.8,3.4,93.0,7415.0,55.0,88.0,72.0,73.0,100.0,0.0,0.0,22.0,66.98,14.66,9.78,67.57,13.060000000000002,16.8,2.0,3.2,38.38154,5.0,1,Fairfield Memorial Hospital,0,0,0,0,0,0,0,0,0,0,0,0,0,0,0,0,0,0,0,0,0,0,0,0,0,0,0,0,0,0,0,0,0,0,0,0,0,0,0,0,0,0,0,0,0,0,0,0,0,0,0,0,0,0,0,0,0,0,0,0,0,0,0,0,0,0,0,0,0,0,0,0,0,1,0,0,0,0,0
43,0.0,3.0,3.3,3.5,2.9,2.7,3.2,84.0,6312.0,110.0,87.0,67.0,72.0,0.0,0.0,0.0,12.6,71.96,0.0,5.76,68.1,13.060000000000002,17.6,2.0,3.2,38.96973,5.0,1,Fayette County Hospital,0,0,0,0,0,0,0,0,0,0,0,0,0,0,0,0,1,0,0,0,0,0,0,0,0,0,0,0,0,0,0,0,0,0,0,0,0,0,0,0,0,0,0,0,0,0,0,0,0,0,0,0,0,0,0,0,0,0,0,0,0,0,0,0,0,0,0,0,0,0,0,0,0,0,0,0,0,0,0
44,0.0,4.0,4.0,5.0,3.0,2.0,3.0,90.0,5558.0,25.0,84.0,74.0,84.0,0.0,0.0,3.18,18.8,77.62,0.0,15.4,72.53,13.060000000000002,21.1,3.0,6.5,37.815259999999995,11.0,1,Ferrell Hospital,0,0,0,0,0,0,0,0,0,0,0,0,0,0,0,0,0,0,0,0,0,0,0,0,0,0,0,0,0,0,0,0,0,0,0,0,0,0,0,0,0,0,0,0,0,0,0,0,0,0,0,0,0,0,0,0,0,0,0,0,1,0,0,0,0,0,0,0,0,0,0,0,0,0,0,0,0,0,0
45,0.0,2.3333333333333304,2.8,2.8,2.4,2.2,2.4,82.0,25461.0,100.0,82.0,70.0,61.0,93.9,12.48,1.56,26.0,66.72,14.27,6.49,64.61,12.7,16.7,3.0,5.0,42.29585,18.0,1,FHN Memorial Hospital Freeport,0,0,0,0,0,0,0,0,0,0,0,0,0,0,0,0,0,0,0,0,0,0,0,0,0,0,0,0,0,0,0,0,0,0,0,0,0,0,0,0,0,0,0,0,0,0,0,0,0,0,0,0,0,0,0,0,0,0,0,0,0,0,0,0,0,1,0,0,0,0,0,0,0,0,0,0,0,0,0
46,1.0,4.1,3.3,3.8,3.3,3.3,3.0,76.0,53836.0,214.0,72.0,50.0,54.0,80.7,4.37,0.34,43.0,55.54,17.26,5.85,58.08,13.3,15.3,3.0,5.0,41.522059999999996,12541.0,1,Franciscan Health Olympia Fields,0,0,0,0,0,0,0,0,0,1,0,0,0,0,0,0,0,0,0,0,0,0,0,0,0,0,0,0,0,0,0,0,0,0,0,0,0,0,0,0,0,0,0,0,0,0,0,0,0,0,0,0,0,0,0,0,0,0,0,0,0,0,0,0,0,0,0,0,0,0,0,0,0,0,0,0,0,0,0
47,0.0,3.0,4.0,1.0,2.0,4.0,3.0,80.0,5303.0,16.0,90.0,90.0,76.0,0.0,0.0,8.62,11.0,76.48,0.0,12.87,63.57,13.060000000000002,14.9,2.0,3.0,38.01001,22.0,0,Franklin Hospital,0,0,0,0,0,0,0,0,0,0,0,0,0,0,0,0,0,0,1,0,0,0,0,0,0,0,0,0,0,0,0,0,0,0,0,0,0,0,0,0,0,0,0,0,0,0,0,0,0,0,0,0,0,0,0,0,0,0,0,0,0,0,0,0,0,0,0,0,0,0,0,0,0,0,0,0,0,0,0
48,0.0,2.5,2.44444444444444,2.77777777777778,2.3333333333333304,2.44444444444444,1.88888888888889,81.0,12653.0,133.0,79.0,68.0,63.0,98.78,6.04,6.12,14.0,79.5,20.9,9.32,65.27,13.4,19.4,2.0,4.5,40.955859999999994,42.0,1,Galesburg Cottage Hospital,0,0,0,0,0,0,0,0,0,0,0,0,0,0,0,0,0,0,0,0,0,0,0,0,0,0,0,0,0,0,0,0,0,1,0,0,0,0,0,0,0,0,0,0,0,0,0,0,0,0,0,0,0,0,0,0,0,0,0,0,0,0,0,0,0,0,0,0,0,0,0,0,0,0,0,0,0,0,0
49,0.0,2.8,2.84,2.6875,2.8125,2.4347826086956497,2.04761904761905,74.0,26880.0,305.0,74.0,63.0,58.0,96.46,6.05,3.59,19.0,43.8,14.96,4.19,40.21,13.9,16.4,4.0,6.0,38.7008,295.0,1,Gateway Regional Medical Center,0,0,0,0,0,0,0,0,0,0,0,0,0,0,0,0,0,0,0,0,0,0,0,0,0,0,0,0,0,0,0,0,0,0,0,0,0,0,0,0,0,0,1,0,0,0,0,0,0,0,0,0,0,0,0,0,0,0,0,0,0,0,0,0,0,0,0,0,0,0,0,0,0,0,0,0,0,0,0
50,1.0,1.0,1.0,1.0,1.0,2.0,1.0,82.0,3357.0,22.0,86.0,73.0,65.0,0.0,0.0,1.01,10.0,59.97,0.0,15.3,58.27,13.060000000000002,18.1,2.7,2.9,41.20483,5.0,0,Genesis Medical  Center Aledo,0,0,0,0,0,0,0,0,0,0,0,0,0,0,0,0,0,0,0,0,0,0,0,0,0,0,0,0,0,0,0,0,0,0,0,0,0,0,0,0,0,0,0,0,0,0,0,0,0,1,0,0,0,0,0,0,0,0,0,0,0,0,0,0,0,0,0,0,0,0,0,0,0,0,0,0,0,0,0
51,1.0,3.4,2.3,2.0,2.3,3.0,1.66,76.0,21796.0,137.0,77.0,62.0,58.0,96.36,7.42,0.83,43.0,72.9,17.8,6.99,66.5,12.6,16.1,2.0,3.0,41.49402,89.0,0,Genesis Medical Center Silvis,0,0,0,0,0,0,0,0,0,0,0,0,0,0,0,0,0,0,0,0,0,0,0,0,0,0,0,0,0,0,0,0,0,0,0,0,0,0,0,0,0,0,0,0,0,0,0,0,0,0,0,0,0,0,0,0,0,0,0,1,0,0,0,0,0,0,0,0,0,0,0,0,0,0,0,0,0,0,0
52,0.0,3.3,3.71428571428571,3.14285714285714,2.57142857142857,3.71428571428571,3.0,84.0,4992.0,41.0,80.0,77.0,84.0,100.0,0.0,0.0,16.4,57.33,37.23,7.66,59.95,13.060000000000002,13.3,5.0,3.2,40.47787,5.0,1,Gibson Area Hospital & Health Services,0,0,0,0,0,0,0,0,0,0,0,0,0,0,0,0,0,1,0,0,0,0,0,0,0,0,0,0,0,0,0,0,0,0,0,0,0,0,0,0,0,0,0,0,0,0,0,0,0,0,0,0,0,0,0,0,0,0,0,0,0,0,0,0,0,0,0,0,0,0,0,0,0,0,0,0,0,0,0
53,0.0,3.0,3.0,3.0,2.75,2.0,2.75,85.0,13205.0,87.0,80.0,68.0,60.0,93.18,0.0,3.33,9.0,63.88,16.93,4.76,56.55,13.34,18.0,2.0,5.0,40.55305,18.0,0,Graham Hospital,0,0,0,0,0,0,0,0,0,0,0,0,0,0,0,0,0,0,0,1,0,0,0,0,0,0,0,0,0,0,0,0,0,0,0,0,0,0,0,0,0,0,0,0,0,0,0,0,0,0,0,0,0,0,0,0,0,0,0,0,0,0,0,0,0,0,0,0,0,0,0,0,0,0,0,0,0,0,0
54,0.0,4.0,3.0,5.0,2.0,3.0,3.0,74.0,4784.0,25.0,66.0,53.0,46.0,0.0,0.0,0.0,18.4,53.64,0.0,12.74,63.15,13.060000000000002,17.9,2.0,3.0,38.08692,5.0,0,Hamilton Memorial Hospital District,0,0,0,0,0,0,0,0,0,0,0,0,0,0,0,0,0,0,0,0,0,0,1,0,0,0,0,0,0,0,0,0,0,0,0,0,0,0,0,0,0,0,0,0,0,0,0,0,0,0,0,0,0,0,0,0,0,0,0,0,0,0,0,0,0,0,0,0,0,0,0,0,0,0,0,0,0,0,0
55,0.0,5.0,3.9,3.5,3.4,3.5,3.1,86.0,6941.0,61.0,87.0,83.0,79.0,100.0,0.0,1.91,15.4,70.83,8.13,17.61,64.92,13.060000000000002,15.9,3.0,3.2,41.46014,15.0,1,Hammond-Henry Hospital,0,0,0,0,0,0,0,0,0,0,0,0,0,0,0,0,0,0,0,0,0,0,0,0,0,1,0,0,0,0,0,0,0,0,0,0,0,0,0,0,0,0,0,0,0,0,0,0,0,0,0,0,0,0,0,0,0,0,0,0,0,0,0,0,0,0,0,0,0,0,0,0,0,0,0,0,0,0,0
56,0.0,4.0,3.7,2.8,3.0,2.7,2.5,96.0,5026.0,25.0,85.0,72.0,73.0,0.0,0.0,0.0,16.4,31.59,0.0,9.62,31.26,13.060000000000002,19.1,1.5,2.6,37.422290000000004,5.0,0,Hardin County General Hospital,0,0,0,0,0,0,0,0,0,0,0,0,0,0,0,0,0,0,0,0,0,0,0,0,1,0,0,0,0,0,0,0,0,0,0,0,0,0,0,0,0,0,0,0,0,0,0,0,0,0,0,0,0,0,0,0,0,0,0,0,0,0,0,0,0,0,0,0,0,0,0,0,0,0,0,0,0,0,0
57,0.0,3.0,2.5,2.5,3.0,4.0,4.0,84.0,10882.0,77.0,81.0,76.0,65.0,92.47,0.0,1.32,31.0,52.12,36.16,10.55,64.01,13.34,15.6,1.0,3.0,37.73115,11.0,1,Harrisburg Medical Center,0,0,0,0,0,0,0,0,0,0,0,0,0,0,0,0,0,0,0,0,0,0,0,0,0,0,0,0,0,0,0,0,0,0,0,0,0,0,0,0,0,0,0,0,0,0,0,0,0,0,0,0,0,0,0,0,0,0,0,0,1,0,0,0,0,0,0,0,0,0,0,0,0,0,0,0,0,0,0
58,0.0,4.0,4.0,4.0,4.0,4.0,2.0,76.0,16091.0,106.0,77.0,74.0,62.0,100.0,0.0,0.0,20.0,92.42,17.23,27.35,98.39,13.5,16.9,2.0,4.0,37.742762,40.0,1,Heartland Regional Medical Center,0,0,0,0,0,0,0,0,0,0,0,0,0,0,0,0,0,0,0,0,0,0,0,0,0,0,0,0,0,0,0,0,0,0,0,0,0,0,0,0,0,0,0,0,0,0,0,0,0,0,0,0,0,0,0,0,0,0,0,0,0,0,0,0,0,0,0,0,0,0,0,0,0,0,0,0,1,0,0
59,0.0,3.0,4.5,5.0,4.0,4.5,3.0,79.0,28653.0,114.0,79.0,63.0,74.0,99.96,0.0,2.82,17.0,98.54,12.77,6.51,97.16,13.8,16.8,2.0,3.0,37.80122,40.0,1,Herrin Hospital,0,0,0,0,0,0,0,0,0,0,0,0,0,0,0,0,0,0,0,0,0,0,0,0,0,0,0,0,0,0,0,0,0,0,0,0,0,0,0,0,0,0,0,0,0,0,0,0,0,0,0,0,0,0,0,0,0,0,0,0,0,0,0,0,0,0,0,0,0,0,0,0,0,0,0,0,1,0,0
60,0.0,4.5,4.0,4.5,4.5,3.5,4.5,91.0,5237.0,25.0,88.0,84.0,77.0,0.0,0.0,3.01,26.0,49.14,0.0,28.84,45.82,13.060000000000002,15.6,4.0,3.0,39.15149,15.0,1,Hillsboro Area Hospital,0,0,0,0,0,0,0,0,0,0,0,0,0,0,0,0,0,0,0,0,0,0,0,0,0,0,0,0,0,0,0,0,0,0,0,0,0,0,0,0,0,0,0,0,0,0,0,0,0,0,1,0,0,0,0,0,0,0,0,0,0,0,0,0,0,0,0,0,0,0,0,0,0,0,0,0,0,0,0
61,0.0,2.8,3.11111111111111,3.0,2.77777777777778,2.6666666666666696,2.88888888888889,73.0,36590.0,264.0,74.0,50.0,41.0,95.72,5.72,0.37,42.0,62.97,15.5,5.03,62.63,11.4,16.9,3.0,6.0,41.76927,12541.0,1,Holy Cross Hospital,0,0,0,0,0,0,0,0,0,1,0,0,0,0,0,0,0,0,0,0,0,0,0,0,0,0,0,0,0,0,0,0,0,0,0,0,0,0,0,0,0,0,0,0,0,0,0,0,0,0,0,0,0,0,0,0,0,0,0,0,0,0,0,0,0,0,0,0,0,0,0,0,0,0,0,0,0,0,0
62,0.0,3.15384615384615,3.38461538461538,3.0,3.0,3.0,2.76923076923077,97.0,2130.0,25.0,88.0,83.0,92.0,100.0,6.9,1.85,15.0,59.83,17.4,5.02,53.04,13.060000000000002,16.5,3.5,3.2,40.4241,80.0,1,Hopedale Hospital Medical Complex,0,0,0,0,0,0,0,0,0,0,0,0,0,0,0,0,0,0,0,0,0,0,0,0,0,0,0,0,0,0,0,0,0,0,0,0,0,0,0,0,0,0,0,0,0,0,0,0,0,0,0,0,0,0,0,0,0,0,0,0,0,0,0,0,0,0,1,0,0,0,0,0,0,0,0,0,0,0,0
63,1.0,4.0,3.0,5.0,5.0,3.0,3.0,87.0,4707.0,30.0,92.0,92.0,71.0,0.0,0.0,0.0,9.0,68.52,0.0,5.9,56.12,13.060000000000002,14.9,3.0,3.0,39.405721,5.0,1,HSHS Good Shepherd Hospital,0,0,0,0,0,0,0,0,0,0,0,0,0,0,0,0,0,0,0,0,0,0,0,0,0,0,0,0,0,0,0,0,0,0,0,0,0,0,0,0,0,0,0,0,0,0,0,0,0,0,0,0,0,0,0,0,0,0,0,0,0,0,0,1,0,0,0,0,0,0,0,0,0,0,0,0,0,0,0
64,1.0,4.0,3.0,5.0,3.0,4.0,3.0,87.0,6395.0,38.0,86.0,74.0,67.0,0.0,0.0,1.84,10.0,65.24,0.0,4.95,57.38,13.060000000000002,12.1,2.0,4.0,38.902399,5.0,1,HSHS Holy Family Hospital,0,1,0,0,0,0,0,0,0,0,0,0,0,0,0,0,0,0,0,0,0,0,0,0,0,0,0,0,0,0,0,0,0,0,0,0,0,0,0,0,0,0,0,0,0,0,0,0,0,0,0,0,0,0,0,0,0,0,0,0,0,0,0,0,0,0,0,0,0,0,0,0,0,0,0,0,0,0,0
65,1.0,2.8,1.75,2.75,2.5,2.75,3.0,84.0,21808.0,133.0,84.0,74.0,71.0,94.71,0.61,8.11,10.0,65.31,15.57,7.14,58.63,14.7,17.2,2.0,4.0,39.125690000000006,5.0,0,HSHS St Anthony's Memorial Hospital,0,0,0,0,0,0,0,0,0,0,0,0,0,0,0,1,0,0,0,0,0,0,0,0,0,0,0,0,0,0,0,0,0,0,0,0,0,0,0,0,0,0,0,0,0,0,0,0,0,0,0,0,0,0,0,0,0,0,0,0,0,0,0,0,0,0,0,0,0,0,0,0,0,0,0,0,0,0,0
66,1.0,2.6666666666666696,2.3333333333333304,3.3333333333333304,2.6666666666666696,2.0,2.0,80.0,57755.0,144.0,82.0,64.0,80.0,97.67,0.0,0.0,29.0,63.16,14.68,6.57,67.35,11.3,12.5,2.0,5.0,38.51034,241.0,1,HSHS St Elizabeth's Memorial Hospital,0,0,0,0,0,0,0,0,0,0,0,0,0,0,0,0,0,0,0,0,0,0,0,0,0,0,0,0,0,0,0,0,0,0,0,0,0,0,0,0,0,0,0,0,0,0,0,0,0,0,0,0,0,0,0,0,0,0,0,0,0,0,0,0,1,0,0,0,0,0,0,0,0,0,0,0,0,0,0
67,1.0,2.9,2.77777777777778,3.44444444444444,2.88888888888889,3.3333333333333304,2.44444444444444,91.0,8330.8,25.0,90.0,79.0,81.0,60.94,1.922,3.414,14.0,50.34,25.426,9.022,62.193999999999996,13.34,15.2,2.0,4.0,39.18085,15.0,0,HSHS St Francis Hospital,0,0,0,0,0,0,0,0,0,0,0,0,0,0,0,0,0,0,0,0,0,0,0,0,0,0,0,0,0,0,0,0,0,0,0,0,0,0,0,0,0,0,0,0,0,0,0,0,0,0,1,0,0,0,0,0,0,0,0,0,0,0,0,0,0,0,0,0,0,0,0,0,0,0,0,0,0,0,0
68,1.0,3.5,3.3,3.2,3.0,3.4,3.0,86.0,7656.0,56.0,88.0,84.0,78.0,0.0,0.0,1.79,13.0,80.88,0.0,9.06,76.6,13.059999999999999,14.7,2.0,4.0,38.6263,10.0,1,HSHS St Joseph's Hospital Breese,0,0,0,0,0,0,0,1,0,0,0,0,0,0,0,0,0,0,0,0,0,0,0,0,0,0,0,0,0,0,0,0,0,0,0,0,0,0,0,0,0,0,0,0,0,0,0,0,0,0,0,0,0,0,0,0,0,0,0,0,0,0,0,0,0,0,0,0,0,0,0,0,0,0,0,0,0,0,0
69,1.0,3.5,3.3,3.2,2.6666666666666696,2.0,2.0,91.0,6762.0,25.0,92.0,82.0,85.0,0.0,0.0,0.0,15.4,56.32,0.0,5.13,64.72,13.060000000000002,13.0,3.0,4.0,38.7409,295.0,1,HSHS St Joseph's Hospital Highland,0,0,0,0,0,0,0,0,0,0,0,0,0,0,0,0,0,0,0,0,0,0,0,0,0,0,0,0,0,0,0,0,0,0,0,0,0,0,0,0,0,0,1,0,0,0,0,0,0,0,0,0,0,0,0,0,0,0,0,0,0,0,0,0,0,0,0,0,0,0,0,0,0,0,0,0,0,0,0
70,1.0,3.5,3.6666666666666696,3.6666666666666696,2.3333333333333304,2.6666666666666696,2.6666666666666696,80.0,25328.6,90.0,81.2,68.6,69.2,87.16999999999999,1.34,1.2280000000000002,15.2,63.164,13.198000000000002,7.196000000000001,62.342000000000006,12.72,17.02,2.2,4.8,39.82712,58.0,0,HSHS St Mary's Hospital Decatur,0,0,0,0,0,0,0,0,0,0,0,0,0,0,0,0,0,0,0,0,0,0,0,0,0,0,0,0,0,0,0,0,0,0,0,0,0,0,0,0,1,0,0,0,0,0,0,0,0,0,0,0,0,0,0,0,0,0,0,0,0,0,0,0,0,0,0,0,0,0,0,0,0,0,0,0,0,0,0
71,1.0,1.0,1.0,1.0,1.0,1.0,1.0,77.0,36426.0,230.0,77.0,63.0,70.0,1.13,10.27,10.28,15.0,51.98,10.7,5.22,43.53,10.9,16.2,2.0,4.0,41.11326,96.0,1,HSHS St Mary's Hospital Streator,0,0,0,0,0,0,0,0,0,0,0,0,0,0,0,0,0,0,0,0,0,0,0,0,0,0,0,0,0,0,0,0,0,0,1,0,0,0,0,0,0,0,0,0,0,0,0,0,0,0,0,0,0,0,0,0,0,0,0,0,0,0,0,0,0,0,0,0,0,0,0,0,0,0,0,0,0,0,0
72,0.0,3.5,3.7,3.5,3.8,3.7,3.1,88.0,5484.0,35.0,88.0,91.0,75.0,0.0,0.0,2.6,30.0,68.39,0.0,12.05,61.27,13.060000000000002,15.7,2.0,4.0,39.60718,5.0,1,Illini Community Hospital -Blessing,0,0,0,0,0,0,0,0,0,0,0,0,0,0,0,0,0,0,0,0,0,0,0,0,0,0,0,0,0,0,0,0,0,0,0,0,0,0,0,0,0,0,0,0,0,0,0,0,0,0,0,0,0,0,0,0,1,0,0,0,0,0,0,0,0,0,0,0,0,0,0,0,0,0,0,0,0,0,0
73,0.0,2.3333333333333304,3.25,2.75,2.25,2.0,2.0,86.0,12370.0,49.0,88.0,81.0,78.0,95.33,21.69,1.56,14.0,70.32,30.52,11.82,81.31,12.3,15.4,3.0,4.0,41.328790000000005,96.0,1,Illinois Valley Community Hospital,0,0,0,0,0,0,0,0,0,0,0,0,0,0,0,0,0,0,0,0,0,0,0,0,0,0,0,0,0,0,0,0,0,0,1,0,0,0,0,0,0,0,0,0,0,0,0,0,0,0,0,0,0,0,0,0,0,0,0,0,0,0,0,0,0,0,0,0,0,0,0,0,0,0,0,0,0,0,0
74,0.0,3.2,3.19827586206897,3.13157894736842,3.0535714285714306,3.01851851851852,2.7551020408163303,79.0,103732.0,485.0,73.0,58.0,61.0,93.11,4.01,0.81,32.0,65.44,13.3,6.26,68.18,11.9,16.5,2.0,7.0,41.60718,12541.0,1,Ingalls Memorial Hospital,0,0,0,0,0,0,0,0,0,1,0,0,0,0,0,0,0,0,0,0,0,0,0,0,0,0,0,0,0,0,0,0,0,0,0,0,0,0,0,0,0,0,0,0,0,0,0,0,0,0,0,0,0,0,0,0,0,0,0,0,0,0,0,0,0,0,0,0,0,0,0,0,0,0,0,0,0,0,0
75,0.0,4.0,4.0,4.0,3.8,3.2,3.4,74.0,6970.0,25.0,76.0,76.0,53.0,63.61,0.0,8.4,14.0,70.05,0.0,14.17,67.76,13.060000000000002,15.4,2.0,2.0,40.766090000000005,17.0,1,Iroquois Memorial Hospital,0,0,0,0,0,0,0,0,0,0,0,0,0,0,0,0,0,0,0,0,0,0,0,0,0,0,1,0,0,0,0,0,0,0,0,0,0,0,0,0,0,0,0,0,0,0,0,0,0,0,0,0,0,0,0,0,0,0,0,0,0,0,0,0,0,0,0,0,0,0,0,0,0,0,0,0,0,0,0
76,0.0,2.45,2.52941176470588,2.0625,2.3125,2.1875,2.0,65.0,18910.0,239.0,55.0,45.0,35.0,74.15,17.58,12.39,55.0,60.08,12.05,10.85,49.96,11.54,15.4,3.0,4.5,41.757870000000004,12541.0,1,Jackson Park Hospital & Medical Center,0,0,0,0,0,0,0,0,0,1,0,0,0,0,0,0,0,0,0,0,0,0,0,0,0,0,0,0,0,0,0,0,0,0,0,0,0,0,0,0,0,0,0,0,0,0,0,0,0,0,0,0,0,0,0,0,0,0,0,0,0,0,0,0,0,0,0,0,0,0,0,0,0,0,0,0,0,0,0
77,0.0,2.0,4.0,2.0,2.0,3.0,2.0,88.0,9174.0,43.0,88.0,87.0,79.0,4.0,0.0,0.0,21.0,55.38,40.65,8.75,52.14,13.4,17.2,2.0,4.0,39.1107,25.0,1,Jersey Community Hospital,0,0,0,0,0,0,0,0,0,0,0,0,0,0,0,0,0,0,0,0,0,0,0,0,0,0,0,0,0,1,0,0,0,0,0,0,0,0,0,0,0,0,0,0,0,0,0,0,0,0,0,0,0,0,0,0,0,0,0,0,0,0,0,0,0,0,0,0,0,0,0,0,0,0,0,0,0,0,0
78,0.0,3.3428571428571403,3.4464285714285694,3.0092592592592595,3.1296296296296298,3.7884615384615397,2.4,81.0,83790.0,450.0,68.0,53.0,69.0,88.46,6.31,0.02,53.0,68.39,26.55,7.16,70.07,11.3,13.2,2.0,6.0,41.873290000000004,12541.0,0,John H Stroger Jr Hospital of Cook County,0,0,0,0,0,0,0,0,0,1,0,0,0,0,0,0,0,0,0,0,0,0,0,0,0,0,0,0,0,0,0,0,0,0,0,0,0,0,0,0,0,0,0,0,0,0,0,0,0,0,0,0,0,0,0,0,0,0,0,0,0,0,0,0,0,0,0,0,0,0,0,0,0,0,0,0,0,0,0
79,0.0,4.0,4.11111111111111,3.6666666666666696,2.77777777777778,3.11111111111111,3.11111111111111,80.0,18758.0,80.0,79.0,72.0,73.0,77.46,8.91,2.12,19.0,51.44,11.8,6.0,49.96,13.9,15.2,2.0,4.0,41.84467,22.0,0,Katherine Shaw Bethea Hospital,0,0,0,0,0,0,0,0,0,0,0,0,0,0,0,0,0,0,0,0,0,0,0,0,0,0,0,0,0,0,0,0,0,0,0,0,0,1,0,0,0,0,0,0,0,0,0,0,0,0,0,0,0,0,0,0,0,0,0,0,0,0,0,0,0,0,0,0,0,0,0,0,0,0,0,0,0,0,0
80,0.0,3.90909090909091,3.77777777777778,3.6666666666666696,3.11111111111111,3.77777777777778,3.3333333333333304,81.0,5631.0,16.0,95.0,96.0,91.0,0.0,0.0,0.0,17.0,63.03,0.0,8.69,63.06,13.060000000000002,13.8,2.6,3.0,40.05984,5.0,0,Kirby Medical Center,0,0,0,0,0,0,0,0,0,0,0,0,0,0,0,0,0,0,0,0,0,0,0,0,0,0,0,0,0,0,0,0,0,0,0,0,0,0,0,0,0,0,0,0,0,0,0,0,0,0,0,0,0,0,0,1,0,0,0,0,0,0,0,0,0,0,0,0,0,0,0,0,0,0,0,0,0,0,0
81,0.0,3.18518518518519,2.86,2.88,2.54,3.0833333333333304,2.45454545454545,78.0,22500.0,49.0,74.6,61.6,64.4,68.996,3.12,2.226,50.2,52.39000000000001,11.4,4.684,51.812,10.92,14.0,3.9,5.8,41.77795,12541.0,0,La Rabida Childrens,0,0,0,0,0,0,0,0,0,1,0,0,0,0,0,0,0,0,0,0,0,0,0,0,0,0,0,0,0,0,0,0,0,0,0,0,0,0,0,0,0,0,0,0,0,0,0,0,0,0,0,0,0,0,0,0,0,0,0,0,0,0,0,0,0,0,0,0,0,0,0,0,0,0,0,0,0,0,0
82,0.0,5.0,5.0,5.0,3.0,5.0,4.0,89.0,4476.0,25.0,87.0,76.0,74.0,0.0,0.0,0.0,16.2,56.95,0.0,11.69,58.25,13.060000000000002,14.7,3.0,4.0,38.728614,5.0,0,Lawrence County Memorial Hospital,0,0,0,0,0,0,0,0,0,0,0,0,0,0,0,0,0,0,0,0,0,0,0,0,0,0,0,0,0,0,0,0,0,0,0,0,1,0,0,0,0,0,0,0,0,0,0,0,0,0,0,0,0,0,0,0,0,0,0,0,0,0,0,0,0,0,0,0,0,0,0,0,0,0,0,0,0,0,0
83,0.0,3.4428571428571404,3.4561403508771904,3.47169811320755,3.2075471698113196,3.05882352941176,2.78723404255319,75.0,44628.0,298.0,80.0,65.0,67.0,88.4,5.43,0.0,54.0,69.27,15.41,7.56,71.63,12.6,17.4,3.0,6.0,41.72157,12541.0,1,Little Company of Mary Hospital,0,0,0,0,0,0,0,0,0,1,0,0,0,0,0,0,0,0,0,0,0,0,0,0,0,0,0,0,0,0,0,0,0,0,0,0,0,0,0,0,0,0,0,0,0,0,0,0,0,0,0,0,0,0,0,0,0,0,0,0,0,0,0,0,0,0,0,0,0,0,0,0,0,0,0,0,0,0,0
84,0.0,2.4583333333333304,2.5,2.45454545454545,2.5,2.54545454545455,1.6666666666666698,72.0,14914.0,177.0,75.0,67.0,54.0,98.44,13.43,0.42,14.0,61.01,22.31,5.54,59.04,11.540000000000001,16.1,3.0,5.0,41.87232,12541.0,0,Loretto Hospital,0,0,0,0,0,0,0,0,0,1,0,0,0,0,0,0,0,0,0,0,0,0,0,0,0,0,0,0,0,0,0,0,0,0,0,0,0,0,0,0,0,0,0,0,0,0,0,0,0,0,0,0,0,0,0,0,0,0,0,0,0,0,0,0,0,0,0,0,0,0,0,0,0,0,0,0,0,0,0
85,0.0,3.5,3.3333333333333304,3.2666666666666697,2.93333333333333,3.2,2.6,78.0,25358.0,247.0,78.0,66.0,63.0,95.07,0.0,0.05,29.0,79.32,15.28,7.12,77.65,12.4,15.7,2.5,5.0,41.90985,12541.0,0,Loyola Gottlieb Memorial Hospital,0,0,0,0,0,0,0,0,0,1,0,0,0,0,0,0,0,0,0,0,0,0,0,0,0,0,0,0,0,0,0,0,0,0,0,0,0,0,0,0,0,0,0,0,0,0,0,0,0,0,0,0,0,0,0,0,0,0,0,0,0,0,0,0,0,0,0,0,0,0,0,0,0,0,0,0,0,0,0
86,0.0,2.94444444444444,2.97530864197531,3.0987654320987703,2.69135802469136,2.95061728395062,2.02739726027397,81.0,41074.0,547.0,80.0,67.0,73.0,96.72,0.0,0.0,46.0,74.82,14.68,7.66,76.89,12.8,12.8,3.0,6.0,41.85996,12541.0,0,Loyola University Medical Center Maywood,0,0,0,0,0,0,0,0,0,1,0,0,0,0,0,0,0,0,0,0,0,0,0,0,0,0,0,0,0,0,0,0,0,0,0,0,0,0,0,0,0,0,0,0,0,0,0,0,0,0,0,0,0,0,0,0,0,0,0,0,0,0,0,0,0,0,0,0,0,0,0,0,0,0,0,0,0,0,0
87,0.0,3.0545454545454502,2.875,2.80851063829787,3.0106382978723403,2.7173913043478297,2.64285714285714,76.0,63748.0,374.0,75.0,63.0,62.0,94.68,0.0,0.0,15.0,69.6,13.64,5.6,67.38,11.6,19.8,2.0,5.0,41.831990000000005,12541.0,1,MacNeal Hospital,0,0,0,0,0,0,0,0,0,1,0,0,0,0,0,0,0,0,0,0,0,0,0,0,0,0,0,0,0,0,0,0,0,0,0,0,0,0,0,0,0,0,0,0,0,0,0,0,0,0,0,0,0,0,0,0,0,0,0,0,0,0,0,0,0,0,0,0,0,0,0,0,0,0,0,0,0,0,0
88,0.0,4.0,2.0,4.0,3.0,3.0,4.0,80.0,3697.0,25.0,82.0,81.0,64.0,0.0,0.0,0.0,8.0,45.97,0.0,7.23,47.58,13.060000000000002,17.5,2.0,5.0,38.02407,11.0,1,Marshall Browning Hospital,0,0,0,0,0,0,0,0,0,0,0,0,0,0,0,0,0,0,0,0,0,0,0,0,0,0,0,0,0,0,0,0,0,0,0,0,0,0,0,0,0,0,0,0,0,0,0,0,0,0,0,0,0,0,1,0,0,0,0,0,0,0,0,0,0,0,0,0,0,0,0,0,0,0,0,0,0,0,0
89,0.0,1.5,2.0,2.0,2.0,2.5,3.0,80.0,3838.0,25.0,83.0,79.0,78.0,0.0,0.0,0.0,15.0,100.0,0.0,22.73,100.0,13.060000000000002,16.1,2.4,4.0,40.30529,5.0,0,Mason District Hospital,0,0,0,0,0,0,0,0,0,0,0,0,0,0,0,0,0,0,0,0,0,0,0,0,0,0,0,0,0,0,0,0,0,0,0,0,0,0,0,0,0,0,0,0,1,0,0,0,0,0,0,0,0,0,0,0,0,0,0,0,0,0,0,0,0,0,0,0,0,0,0,0,0,0,0,0,0,0,0
90,0.0,4.1,3.9,3.8,3.4,3.9,3.3,89.0,7112.0,25.0,83.0,76.0,79.0,0.0,0.0,0.0,16.0,77.06,0.0,6.42,69.01,13.060000000000002,13.4,3.0,3.0,37.16617,5.0,1,Massac Memorial Hospital,0,0,0,0,0,0,0,0,0,0,0,0,0,0,0,0,0,0,0,0,0,0,0,0,0,0,0,0,0,0,0,0,0,0,0,0,0,0,0,0,0,0,0,0,0,1,0,0,0,0,0,0,0,0,0,0,0,0,0,0,0,0,0,0,0,0,0,0,0,0,0,0,0,0,0,0,0,0,0
91,0.0,2.57142857142857,4.0,2.2,2.6,3.2,2.0,85.0,14053.0,48.0,81.0,68.0,65.0,100.0,17.52,3.16,10.0,62.45,17.12,8.93,55.92,13.040000000000001,15.5,2.0,4.0,40.44701,5.0,0,McDonough District Hospital,0,0,0,0,0,0,0,0,0,0,0,0,0,0,0,0,0,0,0,0,0,0,0,0,0,0,0,0,0,0,0,0,0,0,0,0,0,0,0,0,0,0,0,0,0,0,1,0,0,0,0,0,0,0,0,0,0,0,0,0,0,0,0,0,0,0,0,0,0,0,0,0,0,0,0,0,0,0,0
92,0.0,4.0,4.0,4.0,2.3,3.0,3.7,80.0,53087.0,222.0,80.0,69.0,73.0,86.82,1.08,0.73,16.0,58.83,12.32,4.66,58.85,12.9,17.5,3.0,6.0,40.40912,5.0,1,Memorial Hospital Carthage,0,0,0,0,0,0,0,0,0,0,0,0,0,0,0,0,0,0,0,0,0,0,0,1,0,0,0,0,0,0,0,0,0,0,0,0,0,0,0,0,0,0,0,0,0,0,0,0,0,0,0,0,0,0,0,0,0,0,0,0,0,0,0,0,0,0,0,0,0,0,0,0,0,0,0,0,0,0,0
93,0.0,3.8,4.3,3.7,3.3,3.7,3.7,92.0,6092.0,25.0,86.0,81.0,70.0,0.0,0.0,0.0,15.0,38.0,0.0,3.4,33.5,13.060000000000002,22.6,2.0,5.0,37.91785,5.0,0,Memorial Hospital Chester,0,0,0,0,0,0,0,0,0,0,0,0,0,0,0,0,0,0,0,0,0,0,0,0,0,0,0,0,0,0,0,0,0,0,0,0,0,0,0,0,0,0,0,0,0,0,0,0,0,0,0,0,0,0,0,0,0,1,0,0,0,0,0,0,0,0,0,0,0,0,0,0,0,0,0,0,0,0,0
94,0.0,4.375,4.28571428571429,3.5714285714285694,4.42857142857143,4.142857142857141,3.71428571428571,85.0,4314.0,18.0,87.0,79.0,77.0,0.0,0.0,7.39,21.0,62.61,0.0,11.16,74.53,13.060000000000002,16.1,4.0,3.0,37.727127,29.0,0,Memorial Hospital of Carbondale,0,0,0,0,0,0,0,0,0,0,0,0,0,0,0,0,0,0,0,0,0,0,0,0,0,0,0,1,0,0,0,0,0,0,0,0,0,0,0,0,0,0,0,0,0,0,0,0,0,0,0,0,0,0,0,0,0,0,0,0,0,0,0,0,0,0,0,0,0,0,0,0,0,0,0,0,0,0,0
95,0.0,4.1,3.5,3.8,3.6,3.5,3.5,79.0,26719.0,94.0,83.0,69.0,80.0,87.87,0.0,0.0,12.0,63.57,15.33,5.32,65.44,11.9,14.9,2.0,5.0,39.80957,195.0,1,Memorial Medical Center Springfield,0,0,0,0,0,0,0,0,0,0,0,0,0,0,0,0,0,0,0,0,0,0,0,0,0,0,0,0,0,0,0,0,0,0,0,0,0,0,0,0,0,0,0,0,0,0,0,0,0,0,0,0,0,0,0,0,0,0,0,0,0,1,0,0,0,0,0,0,0,0,0,0,0,0,0,0,0,0,0
96,0.0,3.5789473684210495,3.76470588235294,3.23529411764706,3.3529411764705896,3.5294117647058796,2.8,82.0,33847.0,162.0,82.0,73.0,78.0,100.0,2.63,16.68,24.0,100.0,13.78,7.35,83.32,12.1,18.0,2.0,4.0,38.5489,241.0,1,Memorial Network Belleville,0,0,0,0,0,0,0,0,0,0,0,0,0,0,0,0,0,0,0,0,0,0,0,0,0,0,0,0,0,0,0,0,0,0,0,0,0,0,0,0,0,0,0,0,0,0,0,0,0,0,0,0,0,0,0,0,0,0,0,0,0,0,0,0,1,0,0,0,0,0,0,0,0,0,0,0,0,0,0
97,0.0,3.5789473684210495,3.76470588235294,3.23529411764706,3.3529411764705896,3.5294117647058796,2.8,78.0,65778.0,500.0,78.0,62.0,78.0,85.12,1.71,6.15,18.0,63.73,14.16,5.35,59.0,12.8,19.2,3.0,6.0,38.572632,241.0,1,Memorial Network East Shiloh,0,0,0,0,0,0,0,0,0,0,0,0,0,0,0,0,0,0,0,0,0,0,0,0,0,0,0,0,0,0,0,0,0,0,0,0,0,0,0,0,0,0,0,0,0,0,0,0,0,0,0,0,0,0,0,0,0,0,0,0,0,0,0,0,1,0,0,0,0,0,0,0,0,0,0,0,0,0,0
98,0.0,2.75806451612903,2.96551724137931,3.38793103448276,2.875,2.81818181818182,2.4423076923076903,74.0,36884.0,412.0,74.0,56.0,57.0,95.13,0.94,4.42,77.0,72.43,15.79,5.11,66.59,12.4,15.4,3.0,5.0,41.84663,12541.0,1,Mercy Hospital and Medical Center,0,0,0,0,0,0,0,0,0,1,0,0,0,0,0,0,0,0,0,0,0,0,0,0,0,0,0,0,0,0,0,0,0,0,0,0,0,0,0,0,0,0,0,0,0,0,0,0,0,0,0,0,0,0,0,0,0,0,0,0,0,0,0,0,0,0,0,0,0,0,0,0,0,0,0,0,0,0,0
99,0.0,3.0,3.0,4.0,4.0,4.0,3.0,80.0,5475.0,50.0,85.0,83.0,80.0,99.11,0.0,0.0,17.0,67.55,22.23,8.87,65.48,13.060000000000002,13.6,2.0,4.1,42.42634,236.0,0,Mercyhealth Hospital and Medical Center Harvard,0,0,0,0,0,0,0,0,0,0,0,0,0,0,0,0,0,0,0,0,0,0,0,0,0,0,0,0,0,0,0,0,0,0,0,0,0,0,0,0,0,0,0,0,0,0,0,1,0,0,0,0,0,0,0,0,0,0,0,0,0,0,0,0,0,0,0,0,0,0,0,0,0,0,0,0,0,0,0
100,0.0,3.0,2.7,3.1,2.5,2.8,2.5,84.8,4781.0,188.0,83.0,73.4,69.0,12.187999999999999,0.0,0.0,18.4,57.66799999999999,7.446,10.812,61.23,13.060000000000002,15.5,2.5,6.0,42.316387,451.0,0,Mercyhealth Javon Bea Riverside,0,0,0,0,0,0,0,0,0,0,0,0,0,0,0,0,0,0,0,0,0,0,0,0,0,0,0,0,0,0,0,0,0,0,0,0,0,0,0,0,0,0,0,0,0,0,0,0,0,0,0,0,0,0,0,0,0,0,0,0,0,0,0,0,0,0,0,0,0,0,0,0,0,0,0,0,0,1,0
101,0.0,3.0,2.7,3.1,2.5,2.8,2.5,78.0,42072.0,100.0,79.0,64.0,68.0,78.6,1.17,0.63,46.0,67.47,16.12,6.94,66.93,14.1,15.8,2.0,6.0,42.308474,451.0,0,Mercyhealth Javon Bea Rockford,0,0,0,0,0,0,0,0,0,0,0,0,0,0,0,0,0,0,0,0,0,0,0,0,0,0,0,0,0,0,0,0,0,0,0,0,0,0,0,0,0,0,0,0,0,0,0,0,0,0,0,0,0,0,0,0,0,0,0,0,0,0,0,0,0,0,0,0,0,0,0,0,0,0,0,0,0,1,0
102,0.0,2.71428571428571,2.8333333333333304,2.3333333333333304,1.8333333333333302,2.0,1.8333333333333302,78.0,2218.0,145.0,68.0,65.0,38.0,72.32,0.0,0.0,16.0,72.05,10.39,5.12,59.31,12.5,13.2,4.0,5.3,41.973209999999995,12541.0,1,Methodist Hospital Chicago,0,0,0,0,0,0,0,0,0,1,0,0,0,0,0,0,0,0,0,0,0,0,0,0,0,0,0,0,0,0,0,0,0,0,0,0,0,0,0,0,0,0,0,0,0,0,0,0,0,0,0,0,0,0,0,0,0,0,0,0,0,0,0,0,0,0,0,0,0,0,0,0,0,0,0,0,0,0,0
103,0.0,2.2666666666666697,2.5652173913043503,2.39130434782609,2.0434782608695703,2.68181818181818,2.14285714285714,79.0,45914.0,314.0,80.0,68.0,60.0,98.8,22.85,5.87,16.0,72.17,13.23,5.77,63.26,12.7,14.5,2.0,5.0,41.657779,12541.0,1,Metrosouth Medical Center,0,0,0,0,0,0,0,0,0,1,0,0,0,0,0,0,0,0,0,0,0,0,0,0,0,0,0,0,0,0,0,0,0,0,0,0,0,0,0,0,0,0,0,0,0,0,0,0,0,0,0,0,0,0,0,0,0,0,0,0,0,0,0,0,0,0,0,0,0,0,0,0,0,0,0,0,0,0,0
104,0.0,3.2,3.2,2.9,2.9,3.3,2.6,95.0,3651.0,25.0,92.0,73.0,85.0,0.0,0.0,0.0,14.6,72.81,0.0,4.1,42.71,13.060000000000002,15.34,2.4,3.4,42.417840000000005,5.0,0,Midwest Medical Center,0,0,0,0,0,0,0,0,0,0,0,0,0,0,0,0,0,0,0,0,0,0,0,0,0,0,0,0,0,0,1,0,0,0,0,0,0,0,0,0,0,0,0,0,0,0,0,0,0,0,0,0,0,0,0,0,0,0,0,0,0,0,0,0,0,0,0,0,0,0,0,0,0,0,0,0,0,0,0
105,0.0,2.9,2.7,2.9,2.7,3.2,2.1,81.0,25682.0,89.0,82.0,74.0,78.0,83.75,2.61,0.0,16.0,60.41,17.35,8.19,59.23,13.6,17.9,2.0,5.0,41.36991,42.0,0,Morris Hospital & Healthcare Centers,0,0,0,0,0,0,0,0,0,0,0,0,0,0,0,0,0,0,0,0,0,1,0,0,0,0,0,0,0,0,0,0,0,0,0,0,0,0,0,0,0,0,0,0,0,0,0,0,0,0,0,0,0,0,0,0,0,0,0,0,0,0,0,0,0,0,0,0,0,0,0,0,0,0,0,0,0,0,0
106,0.0,4.0,4.0,3.0,3.0,3.0,3.0,78.0,2020.0,25.0,75.0,68.0,83.0,0.0,0.0,0.0,6.0,96.15,0.0,8.15,50.54,13.059999999999999,15.14,2.7,3.2,41.8105,49.0,0,Morrison Community Hospital,0,0,0,0,0,0,0,0,0,0,0,0,0,0,0,0,0,0,0,0,0,0,0,0,0,0,0,0,0,0,0,0,0,0,0,0,0,0,0,0,0,0,0,0,0,0,0,0,0,0,0,0,0,0,0,0,0,0,0,0,0,0,0,0,0,0,0,0,0,0,0,0,0,0,1,0,0,0,0
107,0.0,2.8,3.11111111111111,3.0,2.77777777777778,2.6666666666666696,2.88888888888889,75.0,36770.0,288.0,70.0,50.0,44.0,99.98,0.12,0.36,62.0,71.11,23.61,4.86,69.05,15.2,15.8,2.0,4.0,41.860859999999995,12541.0,1,Mount Sinai Hospital Chicago,0,0,0,0,0,0,0,0,0,1,0,0,0,0,0,0,0,0,0,0,0,0,0,0,0,0,0,0,0,0,0,0,0,0,0,0,0,0,0,0,0,0,0,0,0,0,0,0,0,0,0,0,0,0,0,0,0,0,0,0,0,0,0,0,0,0,0,0,0,0,0,0,0,0,0,0,0,0,0
108,0.0,3.8,3.6666666666666696,4.33333333333333,3.6666666666666696,3.3333333333333304,3.88888888888889,81.0,35149.0,354.0,80.0,64.0,77.0,83.26,0.0,0.0,37.0,60.44,16.26,5.75,59.36,9.4,12.8,3.0,5.0,42.06563,12541.0,1,Northshore Univ HS Evanston,0,0,0,0,0,0,0,0,0,1,0,0,0,0,0,0,0,0,0,0,0,0,0,0,0,0,0,0,0,0,0,0,0,0,0,0,0,0,0,0,0,0,0,0,0,0,0,0,0,0,0,0,0,0,0,0,0,0,0,0,0,0,0,0,0,0,0,0,0,0,0,0,0,0,0,0,0,0,0
109,0.0,3.1,2.5,3.0,3.0,3.0,2.5,81.0,34729.0,173.0,80.0,64.0,77.0,77.48,0.0,0.0,37.0,58.29,13.69,6.02,59.7,9.4,12.8,3.0,5.0,42.1909,588.0,1,Northshore Univ HS Highland Park,0,0,0,0,0,0,0,0,0,0,0,0,0,0,0,0,0,0,0,0,0,0,0,0,0,0,0,0,0,0,0,0,0,0,0,1,0,0,0,0,0,0,0,0,0,0,0,0,0,0,0,0,0,0,0,0,0,0,0,0,0,0,0,0,0,0,0,0,0,0,0,0,0,0,0,0,0,0,0
110,0.0,3.4,3.0,3.2,3.4,3.6,2.9,81.0,24860.0,139.0,80.0,64.0,77.0,86.02,0.0,0.0,37.0,58.06,14.65,6.55,58.94,9.4,12.8,3.0,5.0,42.09267,12541.0,1,NorthShore Univ HS Glenbrook,0,0,0,0,0,0,0,0,0,1,0,0,0,0,0,0,0,0,0,0,0,0,0,0,0,0,0,0,0,0,0,0,0,0,0,0,0,0,0,0,0,0,0,0,0,0,0,0,0,0,0,0,0,0,0,0,0,0,0,0,0,0,0,0,0,0,0,0,0,0,0,0,0,0,0,0,0,0,0
111,0.0,3.3,3.6666666666666696,3.3333333333333304,2.88888888888889,3.3333333333333304,2.75,81.0,28878.0,123.0,80.0,64.0,77.0,82.98,0.0,0.0,37.0,57.87,14.96,5.89,58.5,9.4,12.8,3.0,5.0,42.05619,12541.0,1,Northshore Univ HS Skokie Hospital,0,0,0,0,0,0,0,0,0,1,0,0,0,0,0,0,0,0,0,0,0,0,0,0,0,0,0,0,0,0,0,0,0,0,0,0,0,0,0,0,0,0,0,0,0,0,0,0,0,0,0,0,0,0,0,0,0,0,0,0,0,0,0,0,0,0,0,0,0,0,0,0,0,0,0,0,0,0,0
112,0.0,4.0,3.04513888888889,3.1373239436619706,2.9,3.2841726618705,2.4957983193277298,78.0,73258.0,509.0,78.0,63.0,74.0,88.26,0.54,0.47,9.0,68.28,18.37,7.44,67.85,11.0,16.4,3.0,5.0,42.242940000000004,46.0,0,Northwest Community Healthcare Hospital,0,0,1,0,0,0,0,0,0,0,0,0,0,0,0,0,0,0,0,0,0,0,0,0,0,0,0,0,0,0,0,0,0,0,0,0,0,0,0,0,0,0,0,0,0,0,0,0,0,0,0,0,0,0,0,0,0,0,0,0,0,0,0,0,0,0,0,0,0,0,0,0,0,0,0,0,0,0,0
113,0.0,3.70769230769231,3.5,3.76,3.74,3.70408163265306,3.28571428571429,83.0,69284.0,392.0,82.0,63.0,84.0,85.72,0.55,0.1,23.0,66.09,14.86,6.33,64.76,12.3,16.1,3.0,4.0,41.872040000000005,1074.0,1,Northwestern Medicine Central Dupage Hospital,0,0,0,0,0,0,0,0,0,0,0,0,0,1,0,0,0,0,0,0,0,0,0,0,0,0,0,0,0,0,0,0,0,0,0,0,0,0,0,0,0,0,0,0,0,0,0,0,0,0,0,0,0,0,0,0,0,0,0,0,0,0,0,0,0,0,0,0,0,0,0,0,0,0,0,0,0,0,0
114,1.0,4.16666666666667,4.0,4.5,3.5,3.8,2.4,84.0,40750.0,159.0,83.0,64.0,81.0,80.71,0.0,0.63,18.0,67.5,12.5,6.56,67.9,11.2,14.5,2.0,5.0,41.887209999999996,396.0,0,Northwestern Medicine Delnor - Geneva,0,0,0,0,0,0,0,0,0,0,0,0,0,0,0,0,0,0,0,0,0,0,0,0,0,0,0,0,0,0,0,1,0,0,0,0,0,0,0,0,0,0,0,0,0,0,0,0,0,0,0,0,0,0,0,0,0,0,0,0,0,0,0,0,0,0,0,0,0,0,0,0,0,0,0,0,0,0,0
115,1.0,3.6,3.2,3.8,4.2,2.8,2.8,87.0,24251.0,128.0,83.8,71.6,73.6,92.06,6.4,3.67,22.2,67.89,15.27,7.42,61.32,12.8,14.76,2.0,5.0,42.178055,236.0,0,Northwestern Medicine Huntley,0,0,0,0,0,0,0,0,0,0,0,0,0,0,0,0,0,0,0,0,0,0,0,0,0,0,0,0,0,0,0,0,0,0,0,0,0,0,0,0,0,0,0,0,0,0,0,1,0,0,0,0,0,0,0,0,0,0,0,0,0,0,0,0,0,0,0,0,0,0,0,0,0,0,0,0,0,0,0
116,1.0,4.25,4.75,4.0,4.25,3.5,3.75,84.0,32640.0,98.0,83.0,64.0,68.0,96.38,0.61,1.32,13.0,67.78,12.78,6.62,67.7,11.8,15.7,2.0,6.0,41.964729999999996,62.0,0,Northwestern Medicine Kishwaukee -DeKalb,0,0,0,0,0,0,0,0,0,0,0,1,0,0,0,0,0,0,0,0,0,0,0,0,0,0,0,0,0,0,0,0,0,0,0,0,0,0,0,0,0,0,0,0,0,0,0,0,0,0,0,0,0,0,0,0,0,0,0,0,0,0,0,0,0,0,0,0,0,0,0,0,0,0,0,0,0,0,0
117,1.0,3.975,3.6571428571428597,3.6571428571428597,3.6,3.68571428571429,3.32352941176471,86.0,34194.0,114.0,81.0,67.0,81.0,76.46,2.05,2.64,12.0,56.62,15.56,8.97,57.42,12.0,12.4,2.0,5.0,42.252720000000004,588.0,0,Northwestern Medicine Lake Forest,0,0,0,0,0,0,0,0,0,0,0,0,0,0,0,0,0,0,0,0,0,0,0,0,0,0,0,0,0,0,0,0,0,0,0,1,0,0,0,0,0,0,0,0,0,0,0,0,0,0,0,0,0,0,0,0,0,0,0,0,0,0,0,0,0,0,0,0,0,0,0,0,0,0,0,0,0,0,0
118,1.0,3.6666666666666696,3.6666666666666696,4.0,3.6666666666666696,4.0,3.0,77.0,32949.0,157.0,80.0,70.0,65.0,83.85,8.63,2.9,22.0,64.93,16.83,6.95,62.58,11.9,12.5,3.0,5.0,42.31792,236.0,0,Northwestern Medicine McHenry,0,0,0,0,0,0,0,0,0,0,0,0,0,0,0,0,0,0,0,0,0,0,0,0,0,0,0,0,0,0,0,0,0,0,0,0,0,0,0,0,0,0,0,0,0,0,0,1,0,0,0,0,0,0,0,0,0,0,0,0,0,0,0,0,0,0,0,0,0,0,0,0,0,0,0,0,0,0,0
119,1.0,3.75,4.0,3.875,3.875,3.875,3.375,84.0,8061.0,25.0,90.0,83.0,82.0,100.0,0.0,0.21,14.0,82.05,25.26,8.75,80.45,13.059999999999999,16.3,1.0,3.0,41.65717,62.0,1,Northwestern Medicine Valley West,0,0,0,0,0,0,0,0,0,0,0,1,0,0,0,0,0,0,0,0,0,0,0,0,0,0,0,0,0,0,0,0,0,0,0,0,0,0,0,0,0,0,0,0,0,0,0,0,0,0,0,0,0,0,0,0,0,0,0,0,0,0,0,0,0,0,0,0,0,0,0,0,0,0,0,0,0,0,0
120,1.0,5.0,5.0,5.0,5.0,5.0,5.0,87.6,12260.0,56.0,85.0,74.4,74.2,80.43,0.0,0.0,17.0,61.34,0.0,0.0,0.0,13.34,14.919999999999998,2.6,3.2,42.27587,236.0,0,Northwestern Medicine Woodstock,0,0,0,0,0,0,0,0,0,0,0,0,0,0,0,0,0,0,0,0,0,0,0,0,0,0,0,0,0,0,0,0,0,0,0,0,0,0,0,0,0,0,0,0,0,0,0,1,0,0,0,0,0,0,0,0,0,0,0,0,0,0,0,0,0,0,0,0,0,0,0,0,0,0,0,0,0,0,0
121,1.0,3.1,2.77777777777778,2.55555555555556,2.77777777777778,2.88888888888889,2.25,81.0,85169.0,894.0,79.0,60.0,82.0,100.0,0.07,0.03,47.0,78.11,16.45,6.47,77.33,9.3,11.5,3.0,6.0,41.802459999999996,12541.0,0,Northwestern Memorial Hospital - Chicago,0,0,0,0,0,0,0,0,0,1,0,0,0,0,0,0,0,0,0,0,0,0,0,0,0,0,0,0,0,0,0,0,0,0,0,0,0,0,0,0,0,0,0,0,0,0,0,0,0,0,0,0,0,0,0,0,0,0,0,0,0,0,0,0,0,0,0,0,0,0,0,0,0,0,0,0,0,0,0
122,0.0,2.46153846153846,2.45945945945946,2.2432432432432403,2.40540540540541,2.67567567567568,1.97222222222222,74.0,21597.0,210.0,70.0,56.0,52.0,92.98,18.79,12.42,37.0,73.53,13.78,6.39,53.61,11.9,17.5,4.0,6.0,41.90084,12541.0,1,Norwegian-American Hospital,0,0,0,0,0,0,0,0,0,1,0,0,0,0,0,0,0,0,0,0,0,0,0,0,0,0,0,0,0,0,0,0,0,0,0,0,0,0,0,0,0,0,0,0,0,0,0,0,0,0,0,0,0,0,0,0,0,0,0,0,0,0,0,0,0,0,0,0,0,0,0,0,0,0,0,0,0,0,0
123,1.0,4.0,3.0,3.6666666666666696,3.6666666666666696,4.0,3.6666666666666696,77.0,20643.0,210.0,82.0,72.0,73.0,85.94,1.48,1.23,18.0,78.71,16.74,10.02,75.54,12.8,15.3,2.0,4.0,40.118449,110.0,0,OSF Heart of Mary Medical Center,0,0,0,0,1,0,0,0,0,0,0,0,0,0,0,0,0,0,0,0,0,0,0,0,0,0,0,0,0,0,0,0,0,0,0,0,0,0,0,0,0,0,0,0,0,0,0,0,0,0,0,0,0,0,0,0,0,0,0,0,0,0,0,0,0,0,0,0,0,0,0,0,0,0,0,0,0,0,0
124,1.0,5.0,5.0,3.0,4.5,4.0,2.2022222222222223,85.0,7263.0,23.0,88.0,86.0,84.0,0.0,0.0,0.0,12.0,54.48,0.0,7.31,59.04,13.060000000000002,14.7,3.0,3.0,40.922,5.0,1,OSF Holy Family Medical Center,0,0,0,0,0,0,0,0,0,0,0,0,0,0,0,0,0,0,0,0,0,0,0,0,0,0,0,0,0,0,0,0,0,0,0,0,0,0,0,0,0,0,0,0,0,0,0,0,0,0,0,0,0,0,0,0,0,0,0,0,0,0,0,0,0,0,0,0,0,0,0,1,0,0,0,0,0,0,0
125,1.0,4.0,3.5,4.0,4.0,4.0,3.5,73.0,36034.0,174.0,75.0,63.0,57.0,88.61,3.62,0.88,29.0,61.9,14.09,7.09,64.85,12.5,14.9,3.0,4.0,40.137805,139.0,1,OSF Sacred Heart Medical Center,0,0,0,0,0,0,0,0,0,0,0,0,0,0,0,0,0,0,0,0,0,0,0,0,0,0,0,0,0,0,0,0,0,0,0,0,0,0,0,0,0,0,0,0,0,0,0,0,0,0,0,0,0,0,0,0,0,0,0,0,0,0,0,0,0,0,0,0,0,1,0,0,0,0,0,0,0,0,0
126,1.0,3.6,3.44444444444444,3.44444444444444,2.6666666666666696,3.22222222222222,2.77777777777778,80.0,38117.0,241.0,79.0,54.0,73.0,83.27,3.7,2.49,11.0,87.91,14.74,6.53,64.25,14.8,16.6,2.0,5.0,42.269349,451.0,1,OSF Saint Anthony Medical Center,0,0,0,0,0,0,0,0,0,0,0,0,0,0,0,0,0,0,0,0,0,0,0,0,0,0,0,0,0,0,0,0,0,0,0,0,0,0,0,0,0,0,0,0,0,0,0,0,0,0,0,0,0,0,0,0,0,0,0,0,0,0,0,0,0,0,0,0,0,0,0,0,0,0,0,0,0,1,0
127,1.0,2.0,2.0,3.3333333333333304,1.33333333333333,2.6666666666666696,2.3333333333333304,85.0,2206.0,49.0,81.0,64.0,76.0,97.75,3.97,0.0,19.0,74.74,17.23,7.46,67.65,12.7,17.6,3.0,4.0,38.907702,295.0,1,OSF Saint Anthony's Health Center,0,0,0,0,0,0,0,0,0,0,0,0,0,0,0,0,0,0,0,0,0,0,0,0,0,0,0,0,0,0,0,0,0,0,0,0,0,0,0,0,0,0,1,0,0,0,0,0,0,0,0,0,0,0,0,0,0,0,0,0,0,0,0,0,0,0,0,0,0,0,0,0,0,0,0,0,0,0,0
128,1.0,3.71428571428571,3.28571428571429,4.142857142857141,2.85714285714286,3.4285714285714306,3.14285714285714,83.0,29144.0,97.0,85.0,74.0,60.0,97.24,4.16,14.0,6.0,96.6,17.16,10.66,83.81,12.8,17.5,2.0,3.0,41.356984999999995,96.0,1,OSF Saint Elizabeth Medical Center,0,0,0,0,0,0,0,0,0,0,0,0,0,0,0,0,0,0,0,0,0,0,0,0,0,0,0,0,0,0,0,0,0,0,1,0,0,0,0,0,0,0,0,0,0,0,0,0,0,0,0,0,0,0,0,0,0,0,0,0,0,0,0,0,0,0,0,0,0,0,0,0,0,0,0,0,0,0,0
129,1.0,4.0,4.0,4.0,4.0,4.0,3.0,80.0,75051.0,629.0,81.0,59.0,75.0,81.81,0.33,4.77,43.0,70.44,20.63,7.32,65.15,13.9,20.0,2.0,5.0,40.870695,24.0,1,OSF Saint James-John W Albrecht Medical Center,0,0,0,0,0,0,0,0,0,0,0,0,0,0,0,0,0,0,0,0,0,0,0,0,0,0,0,0,0,0,0,0,0,0,0,0,0,0,1,0,0,0,0,0,0,0,0,0,0,0,0,0,0,0,0,0,0,0,0,0,0,0,0,0,0,0,0,0,0,0,0,0,0,0,0,0,0,0,0
130,1.0,3.76333333333333,3.52671755725191,3.97692307692308,3.6003861003860997,3.64566929133858,3.3524590163934396,81.0,13367.0,42.0,83.0,68.0,66.0,98.13,1.98,0.42,4.0,56.35,15.84,8.57,58.02,13.34,16.7,3.0,4.0,40.702639000000005,123.0,0,OSF Saint Francis Medical Center,0,0,0,0,0,0,0,0,0,0,0,0,0,0,0,0,0,0,0,0,0,0,0,0,0,0,0,0,0,0,0,0,0,0,0,0,0,0,0,0,0,0,0,0,0,0,0,0,0,0,0,0,0,1,0,0,0,0,0,0,0,0,0,0,0,0,0,0,0,0,0,0,0,0,0,0,0,0,0
131,1.0,3.7,3.7,3.0,3.3,4.0,3.0,80.0,191.0,25.0,83.0,78.0,73.0,0.0,0.0,0.0,15.2,69.09,14.4,15.48,66.07,13.059999999999999,15.6,1.0,3.0,41.220377,15.0,0,OSF Saint Luke Medical Center,0,0,0,0,0,0,0,0,0,0,0,0,0,0,0,0,0,0,0,0,0,0,0,0,0,1,0,0,0,0,0,0,0,0,0,0,0,0,0,0,0,0,0,0,0,0,0,0,0,0,0,0,0,0,0,0,0,0,0,0,0,0,0,0,0,0,0,0,0,0,0,0,0,0,0,0,0,0,0
132,1.0,4.16666666666667,4.33333333333333,3.8,3.4,3.3,5.0,80.0,20528.0,81.0,81.0,68.0,75.0,94.39,0.86,0.29,15.0,72.62,18.28,9.34,70.3,12.8,23.5,3.0,5.0,40.987102,42.0,1,OSF St Mary Medical Center,0,0,0,0,0,0,0,0,0,0,0,0,0,0,0,0,0,0,0,0,0,0,0,0,0,0,0,0,0,0,0,0,0,1,0,0,0,0,0,0,0,0,0,0,0,0,0,0,0,0,0,0,0,0,0,0,0,0,0,0,0,0,0,0,0,0,0,0,0,0,0,0,0,0,0,0,0,0,0
133,1.0,5.0,4.0,5.0,5.0,4.5,4.5,86.0,5916.0,25.0,87.0,81.0,72.0,100.0,19.7,0.01,16.6,53.6,18.26,12.47,0.69,13.060000000000002,15.6,2.5,3.0,41.55315,96.0,1,OSF St Paul Medical Center,0,0,0,0,0,0,0,0,0,0,0,0,0,0,0,0,0,0,0,0,0,0,0,0,0,0,0,0,0,0,0,0,0,0,1,0,0,0,0,0,0,0,0,0,0,0,0,0,0,0,0,0,0,0,0,0,0,0,0,0,0,0,0,0,0,0,0,0,0,0,0,0,0,0,0,0,0,0,0
134,0.0,2.5223880597014903,2.7545454545454504,2.26851851851852,2.6018518518518503,3.05660377358491,1.8958333333333302,80.0,15821.0,425.0,82.0,69.0,75.0,87.32,0.0,0.0,31.0,69.12,13.74,5.84,67.17,11.9,14.3,3.0,6.0,41.668459999999996,12541.0,1,Palos Community Hospital,0,0,0,0,0,0,0,0,0,1,0,0,0,0,0,0,0,0,0,0,0,0,0,0,0,0,0,0,0,0,0,0,0,0,0,0,0,0,0,0,0,0,0,0,0,0,0,0,0,0,0,0,0,0,0,0,0,0,0,0,0,0,0,0,0,0,0,0,0,0,0,0,0,0,0,0,0,0,0
135,0.0,4.3,4.7,3.7,3.7,4.3,4.0,87.0,6306.0,22.0,92.0,83.0,72.0,0.0,0.0,0.0,12.6,79.48,0.0,8.68,71.8,13.060000000000002,15.1,2.0,3.2,39.37982,14.0,0,Pana Communuity Hospital,0,0,0,0,0,1,0,0,0,0,0,0,0,0,0,0,0,0,0,0,0,0,0,0,0,0,0,0,0,0,0,0,0,0,0,0,0,0,0,0,0,0,0,0,0,0,0,0,0,0,0,0,0,0,0,0,0,0,0,0,0,0,0,0,0,0,0,0,0,0,0,0,0,0,0,0,0,0,0
136,0.0,4.0,3.6,3.6,3.0,3.0,3.0,84.0,8879.0,25.0,81.0,76.0,76.0,0.0,0.0,0.0,20.0,45.9,0.0,7.04,52.58,13.059999999999999,17.8,2.0,2.5,39.60693,5.0,0,Paris Community Hospital,0,0,0,0,0,0,0,0,0,0,0,0,0,0,1,0,0,0,0,0,0,0,0,0,0,0,0,0,0,0,0,0,0,0,0,0,0,0,0,0,0,0,0,0,0,0,0,0,0,0,0,0,0,0,0,0,0,0,0,0,0,0,0,0,0,0,0,0,0,0,0,0,0,0,0,0,0,0,0
137,0.0,4.0,3.77777777777778,4.0,3.375,3.875,2.57142857142857,76.0,27788.0,131.0,77.0,67.0,64.0,86.06,5.67,0.0,30.0,57.36,18.19,6.35,57.21,13.219999999999999,15.4,2.0,4.0,39.74539,15.0,1,Passavant Area Hospital,0,0,0,0,0,0,0,0,0,0,0,0,0,0,0,0,0,0,0,0,0,0,0,0,0,0,0,0,0,0,0,0,0,0,0,0,0,0,0,0,0,0,0,0,0,0,0,0,0,0,0,1,0,0,0,0,0,0,0,0,0,0,0,0,0,0,0,0,0,0,0,0,0,0,0,0,0,0,0
138,0.0,1.5,3.5,2.5,1.0,4.0,1.0,81.0,6872.0,25.0,85.0,70.0,70.0,100.0,7.1,2.6,10.0,56.78,61.56,9.14,79.45,13.060000000000002,15.3,1.5,4.0,41.36721,21.0,1,Perry Memorials Hospital,0,0,0,1,0,0,0,0,0,0,0,0,0,0,0,0,0,0,0,0,0,0,0,0,0,0,0,0,0,0,0,0,0,0,0,0,0,0,0,0,0,0,0,0,0,0,0,0,0,0,0,0,0,0,0,0,0,0,0,0,0,0,0,0,0,0,0,0,0,0,0,0,0,0,0,0,0,0,0
139,0.0,3.8,3.3,2.3,2.5,3.0,3.0,92.0,3143.0,17.0,87.0,80.0,80.0,0.0,0.0,0.0,19.0,50.77,0.0,8.85,51.38,13.060000000000002,14.5,3.5,4.0,38.08079,11.0,0,Pickneyville Community Hospital,0,0,0,0,0,0,0,0,0,0,0,0,0,0,0,0,0,0,0,0,0,0,0,0,0,0,0,0,0,0,0,0,0,0,0,0,0,0,0,0,0,0,0,0,0,0,0,0,0,0,0,0,0,0,1,0,0,0,0,0,0,0,0,0,0,0,0,0,0,0,0,0,0,0,0,0,0,0,0
140,0.0,4.25,4.33333333333333,5.0,4.66666666666667,4.66666666666667,4.33333333333333,76.0,22848.0,85.0,71.0,64.0,71.0,0.0,0.0,9.83,54.0,62.99,0.0,4.32,59.19,11.26,15.7,6.5,5.4,41.93404,12541.0,0,Provident Hospital Cook County,0,0,0,0,0,0,0,0,0,1,0,0,0,0,0,0,0,0,0,0,0,0,0,0,0,0,0,0,0,0,0,0,0,0,0,0,0,0,0,0,0,0,0,0,0,0,0,0,0,0,0,0,0,0,0,0,0,0,0,0,0,0,0,0,0,0,0,0,0,0,0,0,0,0,0,0,0,0,0
141,0.0,2.3333333333333304,2.8,2.2,2.0,2.4,2.2,83.0,6495.8,25.0,83.0,68.0,75.0,0.0,0.0,1.828,16.0,61.94,2.88,12.142,53.516,13.24,14.7,3.0,3.0,38.209109999999995,5.0,0,Red Bud Regional Hospital,0,0,0,0,0,0,0,0,0,0,0,0,0,0,0,0,0,0,0,0,0,0,0,0,0,0,0,0,0,0,0,0,0,0,0,0,0,0,0,0,0,0,0,0,0,0,0,0,0,0,0,0,0,0,0,0,0,1,0,0,0,0,0,0,0,0,0,0,0,0,0,0,0,0,0,0,0,0,0
142,0.0,3.6,3.5,2.75,2.75,3.25,2.5,80.0,9418.0,104.0,81.0,73.0,65.0,87.1,0.0,0.0,16.0,67.16,13.81,5.86,67.1,13.059999999999999,18.1,3.0,5.0,38.736540000000005,5.0,1,Richland Memorial Hospital,0,0,0,0,0,0,0,0,0,0,0,0,0,0,0,0,0,0,0,0,0,0,0,0,0,0,0,0,0,0,0,0,0,0,0,0,0,0,0,0,0,0,0,0,0,0,0,0,0,0,0,0,0,0,0,0,0,0,1,0,0,0,0,0,0,0,0,0,0,0,0,0,0,0,0,0,0,0,0
143,0.0,3.1785714285714306,3.20886075949367,3.31645569620253,3.18354430379747,3.0506329113923996,3.0273972602739705,81.0,43545.0,300.0,81.0,61.0,78.0,98.91,1.17,0.3,11.0,67.1,15.64,6.6,70.24,10.9,12.0,2.0,4.0,41.12412,122.0,0,Riverside Medical Center,0,0,0,0,0,0,0,0,0,0,0,0,0,0,0,0,0,0,0,0,0,0,0,0,0,0,0,0,0,0,0,0,1,0,0,0,0,0,0,0,0,0,0,0,0,0,0,0,0,0,0,0,0,0,0,0,0,0,0,0,0,0,0,0,0,0,0,0,0,0,0,0,0,0,0,0,0,0,0
144,0.0,3.0,3.1666666666666696,3.3333333333333304,2.8333333333333304,3.6666666666666696,2.3333333333333304,91.0,7389.0,16.0,91.0,93.0,85.0,0.0,0.0,0.0,16.6,58.84,0.0,13.62,63.42,13.060000000000002,14.2,1.0,3.2,41.928290000000004,32.0,0,Rochelle Community Hospital,0,0,0,0,0,0,0,0,0,0,0,0,0,0,0,0,0,0,0,0,0,0,0,0,0,0,0,0,0,0,0,0,0,0,0,0,0,0,0,0,0,0,0,0,0,0,0,0,0,0,0,0,1,0,0,0,0,0,0,0,0,0,0,0,0,0,0,0,0,0,0,0,0,0,0,0,0,0,0
145,0.0,2.25,2.38888888888889,2.22222222222222,1.94444444444444,2.1666666666666696,2.11764705882353,75.0,19110.0,134.0,67.0,53.0,40.0,88.27,15.06,0.0,99.0,0.0,14.23,0.0,0.0,11.54,15.0,4.0,7.0,41.89479,12541.0,1,Roseland Community Hospital,0,0,0,0,0,0,0,0,0,1,0,0,0,0,0,0,0,0,0,0,0,0,0,0,0,0,0,0,0,0,0,0,0,0,0,0,0,0,0,0,0,0,0,0,0,0,0,0,0,0,0,0,0,0,0,0,0,0,0,0,0,0,0,0,0,0,0,0,0,0,0,0,0,0,0,0,0,0,0
146,0.0,3.34375,3.4310344827586206,3.53571428571429,3.26785714285714,3.28571428571429,2.875,81.0,36905.0,201.0,82.0,71.0,72.0,91.37,0.13,0.0,23.0,70.12,18.82,7.48,70.33,13.2,13.3,3.0,4.0,41.87869,12541.0,0,Rush Oak Park,0,0,0,0,0,0,0,0,0,1,0,0,0,0,0,0,0,0,0,0,0,0,0,0,0,0,0,0,0,0,0,0,0,0,0,0,0,0,0,0,0,0,0,0,0,0,0,0,0,0,0,0,0,0,0,0,0,0,0,0,0,0,0,0,0,0,0,0,0,0,0,0,0,0,0,0,0,0,0
147,0.0,3.6448979591836697,3.48360655737705,3.62558685446009,3.49413145539906,3.5,3.1043256997455497,80.0,68148.0,727.0,82.0,65.0,82.0,89.36,0.0,0.0,34.0,74.0,15.42,7.13,74.55,15.3,12.4,2.0,5.0,41.87495,12541.0,0,Rush University Medical Center,0,0,0,0,0,0,0,0,0,1,0,0,0,0,0,0,0,0,0,0,0,0,0,0,0,0,0,0,0,0,0,0,0,0,0,0,0,0,0,0,0,0,0,0,0,0,0,0,0,0,0,0,0,0,0,0,0,0,0,0,0,0,0,0,0,0,0,0,0,0,0,0,0,0,0,0,0,0,0
148,0.0,3.5,3.46296296296296,3.625,3.30769230769231,3.32352941176471,2.95652173913043,80.0,58735.0,210.0,83.0,65.0,74.0,84.73,0.0,0.0,40.0,66.02,15.27,6.98,67.52,13.3,13.5,3.0,5.0,41.72954,396.0,0,Rush-Copley Medical Center,0,0,0,0,0,0,0,0,0,0,0,0,0,0,0,0,0,0,0,0,0,0,0,0,0,0,0,0,0,0,0,1,0,0,0,0,0,0,0,0,0,0,0,0,0,0,0,0,0,0,0,0,0,0,0,0,0,0,0,0,0,0,0,0,0,0,0,0,0,0,0,0,0,0,0,0,0,0,0
149,0.0,3.0,3.0,4.0,1.0,2.0,1.0,84.0,5291.0,25.0,91.0,85.0,83.0,100.0,0.0,0.0,20.6,53.36,20.33,9.75,53.97,13.060000000000002,14.0,3.0,3.0,38.64163,38.0,1,Salem Township Hospital,0,0,0,0,0,0,0,0,0,0,0,0,0,0,0,0,0,0,0,0,0,0,0,0,0,0,0,0,0,0,0,0,0,0,0,0,0,0,0,0,0,0,0,1,0,0,0,0,0,0,0,0,0,0,0,0,0,0,0,0,0,0,0,0,0,0,0,0,0,0,0,0,0,0,0,0,0,0,0
150,0.0,4.32,3.9,4.425,3.975,4.2,3.68421052631579,83.0,27572.0,145.0,85.0,75.0,76.0,80.16,0.0,0.0,26.0,69.27,15.97,11.97,69.83,13.0,14.7,2.0,4.0,39.49,20.0,1,Sarah Bush Lincoln Health Center,0,0,0,0,0,0,0,0,1,0,0,0,0,0,0,0,0,0,0,0,0,0,0,0,0,0,0,0,0,0,0,0,0,0,0,0,0,0,0,0,0,0,0,0,0,0,0,0,0,0,0,0,0,0,0,0,0,0,0,0,0,0,0,0,0,0,0,0,0,0,0,0,0,0,0,0,0,0,0
151,0.0,3.5,3.5,3.5,3.5,3.5,2.5,75.0,4479.0,22.0,78.0,75.0,68.0,0.0,0.0,0.08,16.2,51.65,0.0,16.36,46.13,13.060000000000002,18.1,4.0,3.2,40.11817,5.0,1,Sarah D Culbertson Memorial Hospital,0,0,0,0,0,0,0,0,0,0,0,0,0,0,0,0,0,0,0,0,0,0,0,0,0,0,0,0,0,0,0,0,0,0,0,0,0,0,0,0,0,0,0,0,0,0,0,0,0,0,0,0,0,0,0,0,0,0,0,0,0,0,1,0,0,0,0,0,0,0,0,0,0,0,0,0,0,0,0
152,0.0,3.0,3.5,3.0,3.0,3.75,2.3333333333333304,78.0,22500.0,60.0,74.6,61.6,64.4,68.996,3.12,2.226,50.2,52.39000000000001,11.4,4.684,51.812,10.92,14.0,3.9,5.8,41.91997,12541.0,0,Shriners Hospital for Children,0,0,0,0,0,0,0,0,0,1,0,0,0,0,0,0,0,0,0,0,0,0,0,0,0,0,0,0,0,0,0,0,0,0,0,0,0,0,0,0,0,0,0,0,0,0,0,0,0,0,0,0,0,0,0,0,0,0,0,0,0,0,0,0,0,0,0,0,0,0,0,0,0,0,0,0,0,0,0
153,0.0,3.5479452054794502,3.3934426229508197,3.3360655737704903,3.22033898305085,3.25862068965517,3.0,79.0,61794.0,322.0,83.0,71.0,79.0,92.39,0.28,0.0,41.0,57.09,16.26,6.24,58.85,14.1,12.0,2.0,5.0,41.54381,722.0,1,Silver Cross Hospital,0,0,0,0,0,0,0,0,0,0,0,0,0,0,0,0,0,0,0,0,0,0,0,0,0,0,0,0,0,0,0,0,0,0,0,0,0,0,0,0,0,0,0,0,0,0,0,0,0,0,0,0,0,0,0,0,0,0,0,0,0,0,0,0,0,0,0,0,0,0,0,0,0,0,0,1,0,0,0
154,0.0,2.5,2.75,2.5833333333333304,1.9166666666666698,1.90909090909091,1.90909090909091,76.0,7685.0,137.0,72.0,64.0,56.0,76.09,0.0,0.0,76.0,68.08,11.84,5.5,63.6,11.84,15.3,4.0,8.0,41.74935,12541.0,1,South Shore Hospital,0,0,0,0,0,0,0,0,0,1,0,0,0,0,0,0,0,0,0,0,0,0,0,0,0,0,0,0,0,0,0,0,0,0,0,0,0,0,0,0,0,0,0,0,0,0,0,0,0,0,0,0,0,0,0,0,0,0,0,0,0,0,0,0,0,0,0,0,0,0,0,0,0,0,0,0,0,0,0
155,0.0,3.4,3.1,2.8,2.5,2.1,2.7,89.0,4977.6,25.0,84.0,75.0,72.0,0.0,0.0,0.21800000000000003,14.8,53.9,0.0,11.524000000000001,52.562,13.24,14.8,3.0,3.0,38.12437,5.0,0,Sparta Community Hospital,0,0,0,0,0,0,0,0,0,0,0,0,0,0,0,0,0,0,0,0,0,0,0,0,0,0,0,0,0,0,0,0,0,0,0,0,0,0,0,0,0,0,0,0,0,0,0,0,0,0,0,0,0,0,0,0,0,1,0,0,0,0,0,0,0,0,0,0,0,0,0,0,0,0,0,0,0,0,0
156,1.0,2.96666666666667,3.3333333333333304,3.44444444444444,2.88888888888889,3.44444444444444,2.55555555555556,83.0,23442.0,134.0,82.0,67.0,75.0,83.58,0.09,0.01,33.0,60.94,17.66,7.59,63.57,12.4,14.6,2.0,5.0,38.297185,19.0,1,SSM Health Good Samiritan Hospital,0,0,0,0,0,0,0,0,0,0,0,0,0,0,0,0,0,0,0,0,0,0,0,0,0,0,0,0,1,0,0,0,0,0,0,0,0,0,0,0,0,0,0,0,0,0,0,0,0,0,0,0,0,0,0,0,0,0,0,0,0,0,0,0,0,0,0,0,0,0,0,0,0,0,0,0,0,0,0
157,1.0,3.55555555555556,3.88888888888889,3.55555555555556,3.44444444444444,3.6666666666666696,3.125,83.0,18686.0,125.0,82.0,72.0,65.0,86.17,0.13,2.28,29.0,50.71,18.37,7.08,55.92,11.9,13.4,3.0,5.0,38.53049,38.0,0,SSM Health St Mary's Hospital,0,0,0,0,0,0,0,0,0,0,0,0,0,0,0,0,0,0,0,0,0,0,0,0,0,0,0,0,0,0,0,0,0,0,0,0,0,0,0,0,0,0,0,1,0,0,0,0,0,0,0,0,0,0,0,0,0,0,0,0,0,0,0,0,0,0,0,0,0,0,0,0,0,0,0,0,0,0,0
158,0.0,3.0714285714285694,2.96,3.36,3.08,3.12,2.5416666666666696,74.0,35991.0,151.0,71.0,52.0,62.0,100.0,19.71,0.0,104.0,1.28,10.49,5.65,68.95,12.32,12.8,2.0,6.0,41.855259999999994,12541.0,1,St Anthony Hospital Chicago,0,0,0,0,0,0,0,0,0,1,0,0,0,0,0,0,0,0,0,0,0,0,0,0,0,0,0,0,0,0,0,0,0,0,0,0,0,0,0,0,0,0,0,0,0,0,0,0,0,0,0,0,0,0,0,0,0,0,0,0,0,0,0,0,0,0,0,0,0,0,0,0,0,0,0,0,0,0,0
159,0.0,2.92307692307692,3.13888888888889,2.7058823529411806,2.32352941176471,3.11764705882353,2.3076923076923097,71.0,32480.0,202.0,70.0,52.0,43.0,86.51,0.0,0.0,44.0,66.42,14.99,12.72,67.83,10.799999999999999,11.9,3.0,6.0,41.87526,12541.0,1,St Bernard Hospital and Health Care Center,0,0,0,0,0,0,0,0,0,1,0,0,0,0,0,0,0,0,0,0,0,0,0,0,0,0,0,0,0,0,0,0,0,0,0,0,0,0,0,0,0,0,0,0,0,0,0,0,0,0,0,0,0,0,0,0,0,0,0,0,0,0,0,0,0,0,0,0,0,0,0,0,0,0,0,0,0,0,0
160,0.0,3.5952380952381002,3.59459459459459,3.72972972972973,3.37837837837838,3.64864864864865,3.27027027027027,84.0,7909.0,25.0,85.0,71.0,79.0,0.0,0.0,0.0,22.0,95.07,0.0,6.28,99.03,13.059999999999999,16.4,2.0,3.0,37.773590000000006,29.0,1,St Joseph Memorial - SIH,0,0,0,0,0,0,0,0,0,0,0,0,0,0,0,0,0,0,0,0,0,0,0,0,0,0,0,1,0,0,0,0,0,0,0,0,0,0,0,0,0,0,0,0,0,0,0,0,0,0,0,0,0,0,0,0,0,0,0,0,0,0,0,0,0,0,0,0,0,0,0,0,0,0,0,0,0,0,0
161,0.0,3.25,3.3333333333333304,3.3333333333333304,2.3333333333333304,2.0,1.6666666666666698,86.0,10763.0,44.0,86.0,77.0,80.0,89.9,2.34,5.92,19.0,54.93,23.11,8.9,51.47,13.34,14.0,2.5,5.0,41.32882,21.0,1,St Margaret's Health,0,0,0,1,0,0,0,0,0,0,0,0,0,0,0,0,0,0,0,0,0,0,0,0,0,0,0,0,0,0,0,0,0,0,0,0,0,0,0,0,0,0,0,0,0,0,0,0,0,0,0,0,0,0,0,0,0,0,0,0,0,0,0,0,0,0,0,0,0,0,0,0,0,0,0,0,0,0,0
162,0.0,3.24390243902439,3.11643835616438,3.4109589041095902,2.8333333333333304,2.57746478873239,2.3692307692307697,78.0,50375.0,312.0,76.0,66.0,65.0,83.96,0.46,0.05,42.0,67.51,11.63,5.87,65.1,11.2,15.0,3.0,6.0,41.89036,12541.0,1,Swedish Covenant Hospital,0,0,0,0,0,0,0,0,0,1,0,0,0,0,0,0,0,0,0,0,0,0,0,0,0,0,0,0,0,0,0,0,0,0,0,0,0,0,0,0,0,0,0,0,0,0,0,0,0,0,0,0,0,0,0,0,0,0,0,0,0,0,0,0,0,0,0,0,0,0,0,0,0,0,0,0,0,0,0
163,0.0,3.50909090909091,3.32352941176471,3.6470588235294104,3.3529411764705896,3.29,3.0,78.0,75872.0,359.0,81.0,67.0,75.0,96.58,0.16,0.0,21.0,75.36,15.29,6.05,76.88,11.4,19.1,2.0,5.0,38.56945,241.0,1,SwedishAmerican Hospital,0,0,0,0,0,0,0,0,0,0,0,0,0,0,0,0,0,0,0,0,0,0,0,0,0,0,0,0,0,0,0,0,0,0,0,0,0,0,0,0,0,0,0,0,0,0,0,0,0,0,0,0,0,0,0,0,0,0,0,0,0,0,0,0,1,0,0,0,0,0,0,0,0,0,0,0,0,0,0
164,0.0,3.8,3.9,3.7,3.3,3.4,3.8,81.0,12057.0,25.0,82.0,69.0,73.0,51.49,0.17,0.15,17.0,51.69,5.23,5.24,52.34,13.34,11.7,2.5,4.0,39.555,14.0,0,Taylorville Memorial Hospital,0,0,0,0,0,1,0,0,0,0,0,0,0,0,0,0,0,0,0,0,0,0,0,0,0,0,0,0,0,0,0,0,0,0,0,0,0,0,0,0,0,0,0,0,0,0,0,0,0,0,0,0,0,0,0,0,0,0,0,0,0,0,0,0,0,0,0,0,0,0,0,0,0,0,0,0,0,0,0
165,0.0,3.8,3.7,3.6,3.4,3.6,3.3,91.0,2317.0,25.0,90.0,93.0,86.0,0.0,0.0,0.0,15.0,53.1,0.0,14.26,54.54,13.060000000000002,17.7,1.0,3.2,39.29595,15.0,0,Thomas H Boyd Memorial Hospital,0,0,0,0,0,0,0,0,0,0,0,0,0,0,0,0,0,0,0,0,1,0,0,0,0,0,0,0,0,0,0,0,0,0,0,0,0,0,0,0,0,0,0,0,0,0,0,0,0,0,0,0,0,0,0,0,0,0,0,0,0,0,0,0,0,0,0,0,0,0,0,0,0,0,0,0,0,0,0
166,0.0,2.52941176470588,2.25,2.0833333333333304,2.4166666666666696,2.5,2.1666666666666696,84.0,10527.0,172.0,78.0,67.0,69.0,98.48,0.0,0.95,4.0,60.61,64.26,18.44,73.49,11.540000000000001,15.0,3.0,5.5,41.95494,12541.0,0,Thorek Hospital and Medical Center,0,0,0,0,0,0,0,0,0,1,0,0,0,0,0,0,0,0,0,0,0,0,0,0,0,0,0,0,0,0,0,0,0,0,0,0,0,0,0,0,0,0,0,0,0,0,0,0,0,0,0,0,0,0,0,0,0,0,0,0,0,0,0,0,0,0,0,0,0,0,0,0,0,0,0,0,0,0,0
167,0.0,3.0,2.4,3.0,2.1,2.2,2.22222222222222,82.0,15295.0,137.0,86.0,76.0,67.0,68.78,0.0,0.0,48.0,57.96,24.79,9.33,59.08,13.040000000000001,13.9,3.5,3.0,38.56945,241.0,1,Touchette Regional Hospital,0,0,0,0,0,0,0,0,0,0,0,0,0,0,0,0,0,0,0,0,0,0,0,0,0,0,0,0,0,0,0,0,0,0,0,0,0,0,0,0,0,0,0,0,0,0,0,0,0,0,0,0,0,0,0,0,0,0,0,0,0,0,0,0,1,0,0,0,0,0,0,0,0,0,0,0,0,0,0
168,0.0,4.0,4.0,3.0,3.0,3.0,4.0,87.0,7057.0,47.0,85.0,71.0,67.0,0.0,0.0,0.0,17.0,71.02,0.0,10.95,68.99,13.060000000000002,15.1,5.5,3.0,37.46474,5.0,0,Union County General Hospital,0,0,0,0,0,0,0,0,0,0,0,0,0,0,0,0,0,0,0,0,0,0,0,0,0,0,0,0,0,0,0,0,0,0,0,0,0,0,0,0,0,0,0,0,0,0,0,0,0,0,0,0,0,0,0,0,0,0,0,0,0,0,0,0,0,0,0,1,0,0,0,0,0,0,0,0,0,0,0
169,1.0,3.3,3.2,3.7,3.3,3.2,2.8,79.0,42131.0,329.0,81.0,68.0,76.0,88.84,8.35,2.59,25.0,71.33,13.19,6.81,70.54,13.3,17.4,3.0,5.0,40.700307,123.0,1,Unitypoint Health - Methodist,0,0,0,0,0,0,0,0,0,0,0,0,0,0,0,0,0,0,0,0,0,0,0,0,0,0,0,0,0,0,0,0,0,0,0,0,0,0,0,0,0,0,0,0,0,0,0,0,0,0,0,0,0,1,0,0,0,0,0,0,0,0,0,0,0,0,0,0,0,0,0,0,0,0,0,0,0,0,0
170,1.0,4.5,3.5,4.5,4.5,4.0,4.5,74.0,21984.0,95.0,76.0,62.0,58.0,96.88,2.62,4.53,18.0,60.89,10.22,6.59,65.74,12.4,13.2,2.0,4.0,40.562870000000004,80.0,1,Unitypoint Health - Pekin,0,0,0,0,0,0,0,0,0,0,0,0,0,0,0,0,0,0,0,0,0,0,0,0,0,0,0,0,0,0,0,0,0,0,0,0,0,0,0,0,0,0,0,0,0,0,0,0,0,0,0,0,0,0,0,0,0,0,0,0,0,0,0,0,0,0,1,0,0,0,0,0,0,0,0,0,0,0,0
171,1.0,3.3,3.2,3.7,3.3,3.2,2.8,79.0,18682.0,210.0,80.0,64.0,72.0,99.05,5.55,6.78,10.0,71.97,15.02,6.6,61.78,14.1,21.5,2.0,4.0,40.75175,123.0,1,Unitypoint Health - Proctor,0,0,0,0,0,0,0,0,0,0,0,0,0,0,0,0,0,0,0,0,0,0,0,0,0,0,0,0,0,0,0,0,0,0,0,0,0,0,0,0,0,0,0,0,0,0,0,0,0,0,0,0,0,1,0,0,0,0,0,0,0,0,0,0,0,0,0,0,0,0,0,0,0,0,0,0,0,0,0
172,1.0,3.14285714285714,2.3333333333333304,2.6666666666666696,2.5,3.5,2.1666666666666696,76.0,26051.0,38.0,76.0,55.0,65.0,0.0,0.0,0.0,20.0,93.3,0.0,35.12,63.05,12.3,18.3,1.5,3.5,41.468579999999996,89.0,0,Unitypoint Health - Trinity Moline,0,0,0,0,0,0,0,0,0,0,0,0,0,0,0,0,0,0,0,0,0,0,0,0,0,0,0,0,0,0,0,0,0,0,0,0,0,0,0,0,0,0,0,0,0,0,0,0,0,0,0,0,0,0,0,0,0,0,0,1,0,0,0,0,0,0,0,0,0,0,0,0,0,0,0,0,0,0,0
173,1.0,3.1,3.0,3.3333333333333304,3.3333333333333304,3.0,2.5,76.0,41169.0,327.0,76.0,55.0,65.0,81.22,0.0,0.0,20.0,56.67,15.69,6.11,52.45,12.3,18.3,2.0,4.0,41.48265,89.0,1,Unitypoint Health - Trinity Rock Island,0,0,0,0,0,0,0,0,0,0,0,0,0,0,0,0,0,0,0,0,0,0,0,0,0,0,0,0,0,0,0,0,0,0,0,0,0,0,0,0,0,0,0,0,0,0,0,0,0,0,0,0,0,0,0,0,0,0,0,1,0,0,0,0,0,0,0,0,0,0,0,0,0,0,0,0,0,0,0
174,0.0,3.4331983805668,3.28672985781991,3.22511848341232,3.32057416267943,3.6504854368932005,2.73809523809524,82.0,100252.0,811.0,80.0,64.0,78.0,98.14,1.87,0.89,33.0,72.34,16.67,25.24,88.23,14.2,14.9,3.0,6.0,41.78843,12541.0,1,University of Chicago Medicine,0,0,0,0,0,0,0,0,0,1,0,0,0,0,0,0,0,0,0,0,0,0,0,0,0,0,0,0,0,0,0,0,0,0,0,0,0,0,0,0,0,0,0,0,0,0,0,0,0,0,0,0,0,0,0,0,0,0,0,0,0,0,0,0,0,0,0,0,0,0,0,0,0,0,0,0,0,0,0
175,0.0,3.2545454545454504,3.23404255319149,2.8777777777777795,3.11111111111111,3.59090909090909,2.61904761904762,77.0,54399.0,465.0,74.0,64.0,65.0,87.91,1.68,1.08,30.0,73.16,17.01,8.2,70.34,11.7,13.8,3.0,6.0,41.86927,12541.0,0,University of Illinois Hospital and Health Sciences System,0,0,0,0,0,0,0,0,0,1,0,0,0,0,0,0,0,0,0,0,0,0,0,0,0,0,0,0,0,0,0,0,0,0,0,0,0,0,0,0,0,0,0,0,0,0,0,0,0,0,0,0,0,0,0,0,0,0,0,0,0,0,0,0,0,0,0,0,0,0,0,0,0,0,0,0,0,0,0
176,0.0,2.2666666666666697,1.96,2.0,2.52,2.56,1.7826086956521698,73.0,48660.0,228.0,72.0,55.0,48.0,85.05,0.0,0.0,22.0,58.17,14.26,5.01,54.0,12.0,16.4,2.0,6.0,42.37829,588.0,1,Vista Medical Center East,0,0,0,0,0,0,0,0,0,0,0,0,0,0,0,0,0,0,0,0,0,0,0,0,0,0,0,0,0,0,0,0,0,0,0,1,0,0,0,0,0,0,0,0,0,0,0,0,0,0,0,0,0,0,0,0,0,0,0,0,0,0,0,0,0,0,0,0,0,0,0,0,0,0,0,0,0,0,0
177,0.0,2.2,3.0,2.6,2.8,3.0,2.6,92.0,5862.0,25.0,93.0,88.0,85.0,0.0,0.0,0.0,2.0,69.04,0.0,11.37,69.67,13.060000000000002,13.3,2.0,3.0,38.42067,5.0,0,Wabash General Hospital,0,0,0,0,0,0,0,0,0,0,0,0,0,0,0,0,0,0,0,0,0,0,0,0,0,0,0,0,0,0,0,0,0,0,0,0,0,0,0,0,0,0,0,0,0,0,0,0,0,0,0,0,0,0,0,0,0,0,0,0,0,0,0,0,0,0,0,0,0,0,1,0,0,0,0,0,0,0,0
178,0.0,3.0857142857142903,2.93548387096774,3.1666666666666696,2.78333333333333,2.9166666666666696,2.77777777777778,90.0,5062.0,23.0,89.0,86.0,76.0,100.0,0.0,7.9,16.4,76.14,0.0,6.57,44.16,13.060000000000002,14.9,1.0,4.0,40.148225,5.0,1,Warner Hospital and Health Services,0,0,0,0,0,0,0,0,0,0,0,0,1,0,0,0,0,0,0,0,0,0,0,0,0,0,0,0,0,0,0,0,0,0,0,0,0,0,0,0,0,0,0,0,0,0,0,0,0,0,0,0,0,0,0,0,0,0,0,0,0,0,0,0,0,0,0,0,0,0,0,0,0,0,0,0,0,0,0
179,0.0,3.7,3.8,3.6,3.3,3.5,3.5,89.0,2208.0,50.0,84.0,74.0,76.0,0.0,0.0,0.0,18.0,58.99,0.0,15.91,70.11,13.060000000000002,15.9,2.2,3.2,38.33893,5.0,1,Washington County Hospital,0,0,0,0,0,0,0,0,0,0,0,0,0,0,0,0,0,0,0,0,0,0,0,0,0,0,0,0,0,0,0,0,0,0,0,0,0,0,0,0,0,0,0,0,0,0,0,0,0,0,0,0,0,0,0,0,0,0,0,0,0,0,0,0,0,0,0,0,0,0,0,0,1,0,0,0,0,0,0
180,0.0,3.6,3.6,3.6,3.2,3.3,3.3,72.0,20060.0,237.0,72.0,61.0,57.0,93.58,3.89,1.52,29.0,78.97,14.89,6.9,73.23,11.1,16.0,2.0,5.0,41.96637,12541.0,1,Weiss Memorial Hospital,0,0,0,0,0,0,0,0,0,1,0,0,0,0,0,0,0,0,0,0,0,0,0,0,0,0,0,0,0,0,0,0,0,0,0,0,0,0,0,0,0,0,0,0,0,0,0,0,0,0,0,0,0,0,0,0,0,0,0,0,0,0,0,0,0,0,0,0,0,0,0,0,0,0,0,0,0,0,0
181,0.0,2.8333333333333304,2.46666666666667,2.6666666666666696,2.46666666666667,2.35714285714286,2.5,80.0,49143.0,234.0,77.0,65.0,61.0,100.0,11.96,3.01,74.0,78.38,14.89,6.83,79.93,12.0,14.3,2.0,4.0,41.89228,12541.0,1,West Suburban Medical Center,0,0,0,0,0,0,0,0,0,1,0,0,0,0,0,0,0,0,0,0,0,0,0,0,0,0,0,0,0,0,0,0,0,0,0,0,0,0,0,0,0,0,0,0,0,0,0,0,0,0,0,0,0,0,0,0,0,0,0,0,0,0,0,0,0,0,0,0,0,0,0,0,0,0,0,0,0,0,0
182,0.0,3.4375,3.4166666666666696,3.09090909090909,2.81818181818182,3.2727272727272703,2.7272727272727297,77.0,16804.0,0.0,75.0,63.0,57.0,87.71,0.54,1.3,24.0,83.03,13.16,6.66,82.43,12.2,16.6,3.0,6.0,41.89172,12541.0,1,Westlake Hospital,0,0,0,0,0,0,0,0,0,1,0,0,0,0,0,0,0,0,0,0,0,0,0,0,0,0,0,0,0,0,0,0,0,0,0,0,0,0,0,0,0,0,0,0,0,0,0,0,0,0,0,0,0,0,0,0,0,0,0,0,0,0,0,0,0,0,0,0,0,0,0,0,0,0,0,0,0,0,0
