,umbrella,Hosp_Name,rating_overall,rating_balance,rating_culture,rating_career,rating_comp,rating_mgmt,Birth Trauma,Doctors Always Communicated Well,"Emergency Department Visits, Total",CDIFF Rate,MRSA Rate,Number of Beds,Nurses Always Communicated Well,Patient's Room Always Kept Quiet At Night,Patient's Room and Bathroom Always Kept Clean,Patients Always Received Help As Soon As They Wanted,Patients Given Information About Recovery At Home,Patients Would Definitely Recommend This Hospital to Friends and Family,"Patients who ""Strongly Agree"" they understood their care when they left the hospital ",Blood Clot Rate,Percent RN Nursing Staff Hours (Critical Care),Percent RN Nursing Staff Hours (Medical-Surgical),Percent RN Nursing Staff Hours (Mother/Baby),Percent RN Nursing Staff Hours (NICU),Percent of Patients Highly Satisfied,Percentage of Nursing Hours Worked by Contractual RNs (Critical Care),Percentage of Nursing Hours Worked by Contractual RNs (Medical-Surgical),Percentage of Nursing Hours Worked by Contractual RNs (Mother/Baby),Percentage of Nursing Hours Worked by Contractual RNs (NICU),Time from ED arrival to diagnostic evaluation by a qualified medical professional,Total RN Nursing Hours per Patient Day (Critical Care),Total RN Nursing Hours per Patient Day (Medical-Surgical),Total RN Nursing Hours per Patient Day (Mother/Baby),Total RN Nursing Hours per Patient Day (NICU),Unexpected Deaths,RN Turnover,Num_Units,turn_sqrt
0,0,Abraham Lincoln Memorial,3.0,5.0,3.0,2.0,3.0,3.0,0.0,84.0,15573.0,2.0,2.0,25,79.0,67.0,87.0,72.0,90.0,75.0,59.0,0.0,0.0,57.53,99.63,0.0,77.0,0.0,8.05,15.21,0.0,15.0,0.0,6.53,45.83,0.0,3.0,25.0,2,5.0
1,1,Advocate BroMenn Medical Center,2.8,2.90909090909091,2.9523809523809503,3.21052631578947,3.1666666666666696,2.6666666666666696,0.0,81.0,28529.0,3.0,2.0,221,81.0,61.0,80.0,65.0,89.0,77.0,55.0,0.0,88.56,64.86,74.86,0.0,76.0,3.76,1.94,0.0,0.0,19.0,15.17,5.39,8.83,0.0,3.0,38.46,3,6.201612693485462
2,1,Advocate Christ Medical Center - Oak Lawn,3.9,3.5,3.6,3.6,3.5,3.2,2.0,78.0,111224.0,2.0,2.0,802,80.0,55.0,66.0,67.0,86.0,71.0,50.0,1.0,88.25,68.06,77.39,97.6,71.0,0.0,0.0,0.0,0.0,59.0,17.25,5.66,9.03,12.83,2.0,22.22,4,4.71380949975707
3,1,Advocate Condell Medical Center,4.0,3.9,4.0,3.8,4.2,3.7,0.0,77.0,57728.0,2.0,2.0,273,78.0,59.0,77.0,63.0,87.0,72.0,50.0,0.0,83.14,59.84,84.84,0.0,72.0,0.0,0.0,0.0,0.0,20.0,17.57,5.72,11.12,0.0,3.0,27.69,3,5.262128846769148
4,1,Advocate Eureka Hospital,3.0,3.5,3.8,3.5,4.0,2.8,0.0,95.0,3551.0,2.0,2.0,25,92.0,67.0,85.0,77.0,91.0,91.0,67.0,0.0,0.0,83.39,0.0,0.0,91.0,0.0,0.0,0.0,0.0,14.0,0.0,12.94,0.0,0.0,0.0,20.0,0,4.47213595499958
5,1,Advocate Good Samaritan - Downers Grove,2.5,2.5,2.5,2.0,2.0,3.0,2.0,82.0,41294.0,2.0,2.0,284,83.0,70.0,78.0,67.0,89.0,79.0,57.0,3.0,89.01,61.22,91.05,80.3,79.0,1.5,0.85,0.86,0.21,29.0,13.55,6.89,10.24,12.37,3.0,29.03,4,5.387949517209678
6,1,Advocate Good Shepherd Barrington,5.0,4.5,5.0,4.5,4.0,4.5,0.0,79.0,34808.0,2.0,2.0,176,82.0,60.0,80.0,61.0,89.0,77.0,54.0,0.0,80.53,67.19,83.84,0.0,75.0,0.0,0.0,0.0,0.0,18.0,12.41,6.15,11.49,0.0,3.0,24.04,3,4.903060268852505
7,1,Advocate Illinois Masonic Medical Center,3.3,4.0,3.0,3.4,2.7,3.0,2.0,79.0,41781.0,3.0,3.0,397,80.0,59.0,74.0,69.0,87.0,72.0,55.0,0.0,92.46,71.71,80.93,89.91,71.0,0.0,0.0,0.0,0.0,40.0,16.82,7.34,17.8,13.49,3.0,38.46,4,6.201612693485462
8,1,Advocate Lutheran General Hospital,3.625,3.4,3.625,3.6,3.5,3.2,2.0,78.0,72113.0,1.0,2.0,638,78.0,54.0,70.0,61.0,87.0,75.0,52.0,1.0,92.85,64.02,83.32,99.57,74.0,0.0,0.0,0.0,0.0,27.0,15.55,6.71,11.57,11.93,2.0,22.44,4,4.737087712930805
9,1,Advocate Sherman Hospital,4.1,3.5,3.6,3.6,3.5,3.2,2.0,77.0,57011.0,3.0,2.0,255,82.0,61.0,76.0,68.0,89.0,75.0,54.0,0.0,90.68,74.08,83.5,0.0,75.0,0.0,0.22,0.16,0.0,19.0,15.0,6.43,11.57,0.0,3.0,28.33,3,5.322593352868505
10,1,Advocate South Suburban Hospital,4.0,3.5,3.6,3.6,3.5,3.2,0.0,80.0,45417.0,2.0,2.0,233,80.0,54.0,68.0,66.0,85.0,64.0,47.0,0.0,82.31,65.25,84.29,0.0,66.0,0.0,0.0,0.0,0.0,48.0,15.38,7.34,14.79,0.0,3.0,36.0,3,6.0
11,1,Advocate Trinity Hospital,3.2,3.5,3.6,3.6,3.5,3.2,0.0,79.0,39605.0,2.0,2.0,205,77.0,56.0,65.0,63.0,84.0,53.0,44.0,0.0,90.25,62.34,81.61,0.0,61.0,0.0,0.0,0.0,0.0,39.0,12.03,5.28,13.56,0.0,3.0,41.38,3,6.432728814430156
12,0,Alton Memorial Hospital,4.0,3.72222222222222,4.11111111111111,4.11111111111111,3.55555555555556,3.375,0.0,76.0,35566.0,2.0,2.0,181,78.0,58.0,71.0,64.0,88.0,71.0,54.0,0.0,90.26,92.03,72.46,0.0,71.0,0.0,0.0,0.0,0.0,16.0,15.11,6.9,8.45,0.0,3.0,15.38,3,3.9217343102255158
13,1,AMITA Health Adventist Medical Center Bolingbrook - AMITA,3.71428571428571,3.6666666666666696,3.8333333333333304,3.1666666666666696,3.5,3.6,0.0,77.0,35670.0,2.0,2.0,138,77.0,63.0,76.0,59.0,86.0,64.0,49.0,0.0,98.38,67.5,68.35,0.0,70.0,0.24,0.0,0.0,0.0,22.0,15.54,5.67,22.75,0.0,3.0,30.77,3,5.547071299343465
14,1,AMITA Health Adventist Medical Center Glen Oaks - AMITA,4.33333333333333,3.8333333333333304,4.33333333333333,4.0,4.16666666666667,4.16666666666667,0.0,72.0,21344.0,3.0,2.0,143,75.0,45.0,76.0,60.0,86.0,57.0,46.0,0.0,80.61,65.47,75.22,0.0,64.0,0.76,2.44,0.0,0.0,11.0,14.45,6.34,29.49,0.0,2.0,23.26,3,4.822862220714998
15,1,AMITA Health Adventist Medical Center Hinsdale - AMITA,3.8,3.44444444444444,4.0,3.44444444444444,3.44444444444444,3.0,2.0,81.0,25981.0,3.0,2.0,261,81.0,58.0,75.0,69.0,88.0,76.0,54.0,0.0,92.12,74.74,85.14,100.0,75.0,0.0,0.0,0.21,0.05,18.0,15.62,6.45,15.45,11.64,3.0,31.25,4,5.5901699437494745
16,1,AMITA Health Adventist Medical Center LaGrange - AMITA,2.6666666666666696,3.1666666666666696,3.0,3.5,3.3333333333333304,2.6666666666666696,0.0,81.0,28837.0,3.0,2.0,186,84.0,64.0,74.0,76.0,90.0,77.0,55.0,0.0,94.12,64.99,83.82,0.0,77.0,0.0,0.0,0.1,0.0,18.0,16.37,5.97,25.01,0.0,3.0,112.5,3,10.606601717798213
17,1,AMITA Health Alexian Brothers Medical Center - Elk Grove,2.9,3.0,3.5,3.625,3.5,2.75,0.0,76.0,43200.0,3.0,2.0,401,78.0,52.0,76.0,63.0,87.0,69.0,49.0,0.0,73.33,74.82,81.15,0.0,69.0,0.0,0.0,0.0,0.0,32.0,15.84,7.94,13.5,0.0,3.0,19.51,3,4.4170125650715555
18,1,AMITA Health Mercy Medical Center Aurora - AMITA,2.85714285714286,2.28571428571429,3.0,2.3333333333333304,1.8333333333333302,1.6666666666666698,0.0,79.0,36823.0,2.0,2.0,292,81.0,61.0,77.0,61.0,88.0,68.0,52.0,0.0,97.83,65.4,78.29,0.0,69.0,0.0,0.0,0.0,0.0,17.0,14.98,5.21,47.35,0.0,3.0,20.0,3,4.47213595499958
19,0,AMITA Health Resurrection Medical Center,2.375,2.9285714285714306,2.57142857142857,2.71428571428571,2.71428571428571,2.2,0.0,74.0,39710.0,2.0,2.0,337,77.0,50.0,76.0,62.0,83.0,62.0,46.0,0.0,82.74,69.91,88.08,0.0,64.0,2.27,0.17,0.35,0.0,7.0,13.74,5.98,15.07,0.0,2.0,19.51,3,4.4170125650715555
20,1,AMITA Health Saint Alexius Medical Center,3.13793103448276,3.2,3.4,3.3,3.3,2.6,0.0,79.0,33961.0,2.0,2.0,215,75.0,55.0,73.0,57.0,78.0,63.0,49.0,0.0,87.45,63.84,84.81,0.0,64.0,5.88,0.9,0.0,0.0,10.0,13.73,5.73,16.15,0.0,3.0,33.33,3,5.773214009544423
21,1,AMITA Health Saint Francis Hospital Evanston - AMITA,3.8,3.3,4.0,3.3333333333333304,3.0,3.625,0.0,80.0,19857.0,3.0,2.0,338,75.0,59.0,70.0,56.0,81.0,67.0,50.0,0.0,98.64,75.44,79.14,91.34,65.0,0.76,4.76,0.0,0.0,7.0,13.15,4.64,10.21,6.16,3.0,40.54,4,6.367102951892642
22,1,AMITA Health Saint Joseph Hospital Chicago - AMITA,2.9,3.11111111111111,3.3333333333333304,3.6666666666666696,3.11111111111111,2.1111111111111103,0.0,77.0,23925.0,2.0,2.0,184,79.0,61.0,75.0,58.0,87.0,64.0,49.0,0.0,93.51,72.39,0.0,0.0,68.0,4.95,0.19,0.0,0.0,11.0,15.89,6.32,0.0,0.0,2.0,31.03,2,5.570457790882182
23,1,AMITA Health Saint Joseph Hospital Elgin - AMITA,2.625,2.5,2.3333333333333304,1.8333333333333302,1.8333333333333302,1.5,0.0,76.0,57237.0,3.0,3.0,498,77.0,65.0,67.0,63.0,84.0,63.0,49.0,0.0,90.65,66.85,86.08,0.0,65.0,0.1,0.0,0.0,0.0,40.0,16.73,6.81,12.17,0.0,2.0,17.76,3,4.214261501141095
24,1,AMITA Health Saint Joseph Hospital Joliet - AMITA,2.7,2.7,2.8,2.9,2.8,2.1111111111111103,2.0,82.0,62231.0,3.0,3.0,495,80.0,63.0,76.0,63.0,87.0,73.0,58.0,0.0,100.0,76.5,88.35,0.0,73.0,0.0,0.0,0.0,0.0,20.0,13.2,6.25,13.9,0.0,1.0,20.0,3,4.47213595499958
25,1,AMITA Health Saint Mary's Hospital Kankakee - AMITA,3.4,3.3333333333333304,4.0,4.33333333333333,4.33333333333333,4.0,2.0,74.0,56334.0,3.0,2.0,318,76.0,54.0,77.0,61.0,86.0,66.0,47.0,3.0,90.54,75.17,74.94,90.14,65.0,0.0,0.0,0.0,0.0,24.0,16.29,6.98,7.33,12.43,2.0,27.14,4,5.209606511052442
26,1,AMITA Health Saints Mary and Elizabeth - AMITA,1.33333333333333,1.6666666666666698,1.0,1.0,1.0,1.0,0.0,82.0,27626.0,3.0,2.0,182,82.0,62.0,72.0,72.0,87.0,74.0,55.0,0.0,91.59,71.68,99.55,0.0,74.0,0.0,0.0,0.0,0.0,18.0,14.34,7.89,16.0,0.0,2.0,8.33,3,2.8861739379323623
27,0,Anderson Hospital,3.5217391304347796,3.38888888888889,3.3333333333333304,2.6666666666666696,3.22222222222222,2.61111111111111,0.0,81.0,55830.0,2.0,2.0,134,81.0,61.0,73.0,73.0,90.0,73.0,55.0,0.0,97.28,62.38,84.91,0.0,72.0,0.73,2.23,0.0,0.0,30.0,15.92,5.27,10.24,0.0,3.0,38.98,3,6.243396511515186
28,0,Ann & Robert H Lurie Childrens Hospital,3.716,3.65555555555556,3.79185520361991,3.3378995433789997,3.2242990654205603,3.24064171122995,0.0,81.0,53203.0,1.0,2.0,360,80.0,59.0,75.0,64.0,89.0,73.0,55.0,0.0,0.0,0.0,0.0,94.69,72.0,0.0,0.0,0.0,0.0,15.0,0.0,0.0,0.0,15.26,3.0,8.6,1,2.932575659723036
29,0,Blessing Hospital,3.6451612903225805,3.60344827586207,3.4310344827586206,3.68965517241379,3.5862068965517206,3.0,0.0,79.0,40468.0,2.0,2.0,327,80.0,58.0,71.0,65.0,91.0,70.0,56.0,0.0,80.55,60.3,82.45,0.0,71.0,5.41,10.73,0.0,0.0,10.0,14.19,5.19,11.53,0.0,3.0,40.79,3,6.386704940734306
30,0,Carle Foundation Hospital,3.48550724637681,3.4262295081967205,3.4344262295082,3.55737704918033,3.3264462809917403,3.09821428571429,0.0,79.0,87313.0,2.0,2.0,433,81.0,63.0,78.0,66.0,87.0,76.0,52.0,0.0,76.34,65.51,77.22,88.67,76.0,7.94,3.79,8.12,6.98,15.0,17.67,6.39,10.18,16.82,3.0,17.5,4,4.183300132670378
31,0,Carle Hoopeston Regional Hospital,4.0,4.0,3.0,3.0,3.0,3.0,0.0,88.0,10268.0,2.0,2.0,24,79.0,54.0,91.0,80.0,81.0,62.0,48.0,0.0,0.0,64.43,0.0,0.0,75.0,0.0,1.34,0.0,0.0,15.0,0.0,7.88,0.0,0.0,0.0,30.0,1,5.477225575051661
32,0,Carlinville Area Hospital,5.0,5.0,5.0,5.0,5.0,5.0,0.0,93.0,6417.0,2.0,2.0,25,92.0,78.0,88.0,85.0,89.0,85.0,65.0,0.0,0.0,59.12,0.0,0.0,77.0,0.0,5.52,0.0,0.0,15.0,0.0,8.73,0.0,0.0,0.0,16.67,1,4.0828911325187205
33,0,CGH Medical Center,2.94117647058824,3.2727272727272703,3.2727272727272703,3.18181818181818,3.09090909090909,2.45454545454545,0.0,81.0,25809.0,2.0,2.0,98,84.0,55.0,80.0,75.0,88.0,67.0,49.0,0.0,64.45,54.12,94.47,0.0,74.0,0.0,0.0,0.0,0.0,14.0,7.36,5.24,13.8,0.0,3.0,14.29,3,3.7802116342871597
34,0,Clay County Hospital,3.6666666666666696,2.0,3.0,2.0,2.0,1.0,0.0,89.0,191.0,2.0,2.0,20,80.0,56.0,77.0,69.0,87.0,65.0,55.0,0.0,0.0,52.16,0.0,0.0,67.0,0.0,0.0,0.0,0.0,20.0,0.0,0.0,0.0,0.0,0.0,20.0,0,4.47213595499958
35,0,Community First Medical Center,2.1481481481481497,2.68181818181818,2.09090909090909,1.95454545454545,1.7142857142857097,1.52380952380952,0.0,74.0,38412.0,3.0,2.0,296,67.0,42.0,68.0,52.0,76.0,45.0,36.0,0.0,90.34,66.9,0.0,0.0,48.0,0.99,0.02,0.0,0.0,26.0,6.94,12.36,0.0,0.0,3.0,28.79,2,5.365631370118525
36,0,Community Memorial Hospital Anderson,3.5217391304347796,3.38888888888889,3.3333333333333304,2.6666666666666696,3.22222222222222,2.61111111111111,0.0,87.0,5037.0,2.0,2.0,25,89.0,86.0,80.0,90.0,97.0,84.0,72.0,0.0,0.0,93.26,0.0,0.0,84.0,0.0,0.0,0.0,0.0,15.0,0.0,18.14,0.0,0.0,0.0,18.75,1,4.330127018922194
37,0,Crawford Memorial Hospital,3.5,3.25,3.25,3.625,3.5,2.5,1.0,91.0,8259.0,2.0,2.0,63,87.0,69.0,85.0,83.0,91.0,75.0,60.0,0.0,0.0,68.58,76.26,0.0,82.0,0.0,0.0,0.0,0.0,15.0,0.0,5.56,17.83,0.0,3.0,20.0,2,4.47213595499958
38,0,Crossroads Community Hospital,1.8333333333333302,1.6,1.8,1.4,2.4,1.25,0.0,83.0,9926.0,2.0,2.0,47,82.0,63.0,68.0,68.0,90.0,74.0,57.0,0.0,99.19,72.87,0.0,0.0,76.0,2.46,1.76,0.0,0.0,15.0,26.96,9.04,0.0,0.0,3.0,44.44,2,6.6663333249995835
39,0,Decatur Memorial Hospital,3.2941176470588194,3.3125,3.43333333333333,3.46666666666667,3.1724137931034497,3.03571428571429,0.0,76.0,38406.0,2.0,2.0,300,76.0,60.0,73.0,64.0,85.0,69.0,50.0,0.0,72.58,52.11,85.45,0.0,71.0,17.6,11.83,0.0,0.0,22.0,12.47,4.56,10.8,0.0,3.0,31.58,3,5.619608527290847
40,0,Edward Hospital,3.62790697674419,3.4955752212389397,3.60909090909091,3.2272727272727297,3.3863636363636402,2.96,2.0,81.0,72322.0,2.0,2.0,371,80.0,62.0,68.0,66.0,87.0,78.0,55.0,2.0,89.49,64.37,78.31,87.52,75.0,0.0,0.09,0.0,3.26,13.0,15.58,6.14,12.3,12.29,3.0,20.0,0,4.47213595499958
41,0,Elmhurst Memorial Hospital,3.3333333333333304,3.1953125,3.5079365079365097,2.92063492063492,3.09677419354839,2.63793103448276,0.0,81.0,67800.0,3.0,2.0,264,81.0,70.0,73.0,69.0,86.0,78.0,52.0,0.0,86.62,72.07,93.47,0.0,78.0,0.0,0.0,0.0,0.0,24.0,10.15,5.04,10.96,0.0,2.0,16.67,3,4.0828911325187205
42,0,Fairfield Memorial Hospital,3.8,3.4,4.2,3.4,3.8,3.4,0.0,93.0,7415.0,1.0,2.0,55,88.0,69.0,86.0,72.0,92.0,73.0,52.0,0.0,100.0,66.98,0.0,0.0,85.0,0.0,0.0,0.0,0.0,22.0,14.66,9.78,0.0,0.0,0.0,55.56,2,7.45385806143369
43,0,Fayette County Hospital,3.0,3.3,3.5,2.9,2.7,3.2,0.0,84.0,6312.0,2.0,2.0,110,87.0,69.0,78.0,67.0,85.0,72.0,61.0,0.0,0.0,71.96,0.0,0.0,78.0,0.0,0.0,0.0,0.0,15.0,0.0,5.76,0.0,0.0,0.0,21.05,1,4.588027898781785
44,0,Ferrell Hospital,4.0,4.0,5.0,3.0,2.0,3.0,0.0,90.0,5558.0,2.0,2.0,25,84.0,56.0,84.0,74.0,93.0,84.0,58.0,0.0,0.0,77.62,0.0,0.0,77.0,0.0,3.18,0.0,0.0,15.0,0.0,15.4,0.0,0.0,0.0,33.33,1,5.773214009544423
45,0,FHN Memorial Hospital Freeport,2.3333333333333304,2.8,2.8,2.4,2.2,2.4,0.0,82.0,25461.0,2.0,2.0,100,82.0,59.0,71.0,70.0,88.0,61.0,47.0,0.0,93.9,66.72,97.68,0.0,69.0,12.48,1.56,5.03,0.0,26.0,14.27,6.49,15.15,0.0,3.0,21.43,3,4.629254799641083
46,1,Franciscan Health Olympia Fields,4.1,3.3,3.8,3.3,3.3,3.0,0.0,76.0,53836.0,3.0,2.0,214,72.0,55.0,67.0,50.0,80.0,54.0,45.0,0.0,80.7,55.54,0.0,0.0,55.0,4.37,0.34,0.0,0.0,43.0,17.26,5.85,12.48,0.0,3.0,28.85,3,5.371219600798314
47,0,Franklin Hospital,3.0,4.0,1.0,2.0,4.0,3.0,0.0,80.0,5303.0,2.0,2.0,16,90.0,73.0,84.0,90.0,94.0,76.0,53.0,0.0,0.0,76.48,0.0,0.0,84.0,0.0,8.62,0.0,0.0,11.0,0.0,12.87,0.0,0.0,0.0,20.0,0,4.47213595499958
48,0,Galesburg Cottage Hospital,2.5,2.44444444444444,2.77777777777778,2.3333333333333304,2.44444444444444,1.88888888888889,0.0,81.0,12653.0,2.0,2.0,133,79.0,59.0,78.0,68.0,85.0,63.0,51.0,0.0,98.78,79.5,99.84,0.0,67.0,6.04,6.12,13.59,0.0,14.0,20.9,9.32,35.4,0.0,3.0,33.33,3,5.773214009544423
49,0,Gateway Regional Medical Center,2.8,2.84,2.6875,2.8125,2.4347826086956497,2.04761904761905,0.0,74.0,26880.0,3.0,2.0,305,74.0,59.0,64.0,63.0,84.0,58.0,49.0,0.0,96.46,43.8,95.22,0.0,58.0,6.05,3.59,12.18,0.0,19.0,14.96,4.19,28.72,0.0,3.0,22.22,3,4.71380949975707
50,1,Genesis Medical  Center Aledo,1.0,1.0,1.0,1.0,2.0,1.0,0.0,82.0,3357.0,2.0,2.0,22,86.0,69.0,86.0,73.0,84.0,65.0,49.0,0.0,0.0,59.97,0.0,0.0,83.0,0.0,1.01,0.0,0.0,10.0,0.0,15.3,0.0,0.0,0.0,15.38,1,3.9217343102255158
51,1,Genesis Medical Center Silvis,3.4,2.3,2.0,2.3,3.0,1.66,1.0,76.0,21796.0,2.0,2.0,137,77.0,56.0,72.0,62.0,87.0,58.0,46.0,0.0,96.36,72.9,94.65,0.0,66.0,7.42,0.83,0.0,0.0,43.0,17.8,6.99,6.42,0.0,3.0,11.76,2,3.4292856398964493
52,0,Gibson Area Hospital & Health Services,3.3,3.71428571428571,3.14285714285714,2.57142857142857,3.71428571428571,3.0,0.0,84.0,4992.0,2.0,2.0,41,80.0,65.0,80.0,77.0,94.0,84.0,61.0,0.0,100.0,57.33,81.63,0.0,82.0,0.0,0.0,0.0,0.0,15.0,37.23,7.66,18.95,0.0,3.0,20.0,2,4.47213595499958
53,0,Graham Hospital,3.0,3.0,3.0,2.75,2.0,2.75,0.0,85.0,13205.0,2.0,2.0,87,80.0,54.0,76.0,68.0,89.0,60.0,48.0,0.0,93.18,63.88,99.63,0.0,69.0,0.0,3.33,0.0,0.0,9.0,16.93,4.76,18.01,0.0,3.0,20.0,0,4.47213595499958
54,0,Hamilton Memorial Hospital District,4.0,3.0,5.0,2.0,3.0,3.0,0.0,74.0,4784.0,2.0,2.0,25,66.0,68.0,69.0,53.0,75.0,46.0,35.0,0.0,0.0,53.64,0.0,0.0,55.0,0.0,0.0,0.0,0.0,15.0,0.0,12.74,0.0,0.0,0.0,4.76,1,2.181742422927143
55,0,Hammond-Henry Hospital,5.0,3.9,3.5,3.4,3.5,3.1,0.0,86.0,6941.0,2.0,2.0,61,87.0,64.0,79.0,83.0,91.0,79.0,56.0,0.0,100.0,70.83,100.0,0.0,81.0,0.0,1.91,0.0,0.0,15.0,8.13,17.61,0.0,0.0,0.0,33.33,2,5.773214009544423
56,0,Hardin County General Hospital,4.0,3.7,2.8,3.0,2.7,2.5,0.0,96.0,5026.0,2.0,2.0,25,85.0,53.0,74.0,72.0,82.0,73.0,58.0,0.0,0.0,31.59,0.0,0.0,75.0,0.0,0.0,0.0,0.0,15.0,0.0,9.62,0.0,0.0,3.0,9.09,1,3.014962686336267
57,0,Harrisburg Medical Center,3.0,2.5,2.5,3.0,4.0,4.0,0.0,84.0,10882.0,1.0,2.0,77,81.0,56.0,76.0,76.0,84.0,65.0,50.0,0.0,92.47,52.12,0.0,0.0,66.0,0.0,1.32,0.0,0.0,31.0,36.16,10.55,0.0,0.0,3.0,41.18,2,6.417164482853778
58,0,Heartland Regional Medical Center,4.0,4.0,4.0,4.0,4.0,2.0,0.0,76.0,16091.0,2.0,2.0,106,77.0,62.0,73.0,74.0,83.0,62.0,49.0,0.0,100.0,92.42,100.0,0.0,68.0,0.0,0.0,3.22,0.0,20.0,17.23,27.35,17.04,0.0,3.0,50.0,3,7.0710678118654755
59,0,Herrin Hospital,3.0,4.5,5.0,4.0,4.5,3.0,0.0,79.0,28653.0,1.0,2.0,114,79.0,57.0,74.0,63.0,84.0,74.0,51.0,0.0,99.96,98.54,0.0,0.0,72.0,0.0,2.82,0.0,0.0,17.0,12.77,6.51,0.0,0.0,3.0,36.96,2,6.079473661428265
60,0,Hillsboro Area Hospital,4.5,4.0,4.5,4.5,3.5,4.5,0.0,91.0,5237.0,2.0,2.0,25,88.0,74.0,95.0,84.0,93.0,77.0,55.0,0.0,0.0,49.14,0.0,0.0,74.0,0.0,3.01,0.0,0.0,26.0,0.0,28.84,0.0,0.0,0.0,37.5,1,6.123724356957945
61,0,Holy Cross Hospital,2.8,3.11111111111111,3.0,2.77777777777778,2.6666666666666696,2.88888888888889,0.0,73.0,36590.0,2.0,2.0,264,74.0,51.0,69.0,50.0,76.0,41.0,39.0,0.0,95.72,62.97,76.84,0.0,50.0,5.72,0.37,0.0,0.0,42.0,15.5,5.03,20.82,0.0,3.0,46.15,2,6.793379129711516
62,0,Hopedale Hospital Medical Complex,3.15384615384615,3.38461538461538,3.0,3.0,3.0,2.76923076923077,0.0,97.0,2130.0,2.0,2.0,25,88.0,63.0,92.0,83.0,89.0,92.0,68.0,0.0,100.0,59.83,0.0,0.0,93.0,6.9,1.85,0.0,0.0,15.0,17.4,5.02,0.0,0.0,0.0,40.0,1,6.324555320336759
63,1,HSHS Good Shepherd Hospital,4.0,3.0,5.0,5.0,3.0,3.0,0.0,87.0,4707.0,2.0,2.0,30,92.0,73.0,94.0,92.0,88.0,71.0,61.0,0.0,0.0,68.52,0.0,0.0,65.0,0.0,0.0,0.0,0.0,9.0,0.0,5.9,0.0,0.0,0.0,33.33,1,5.773214009544423
64,1,HSHS Holy Family Hospital,4.0,3.0,5.0,3.0,4.0,3.0,0.0,87.0,6395.0,2.0,2.0,38,86.0,68.0,87.0,74.0,90.0,67.0,51.0,0.0,0.0,65.24,99.93,0.0,68.0,0.0,1.84,9.68,0.0,10.0,0.0,4.95,22.02,0.0,3.0,63.64,2,7.977468270071652
65,1,HSHS St Anthony's Memorial Hospital,2.8,1.75,2.75,2.5,2.75,3.0,0.0,84.0,21808.0,3.0,2.0,133,84.0,64.0,79.0,74.0,89.0,71.0,55.0,0.0,94.71,65.31,78.2,0.0,75.0,0.61,8.11,0.3,0.0,10.0,15.57,7.14,9.67,0.0,3.0,8.47,3,2.91032644217105
66,1,HSHS St Elizabeth's Memorial Hospital,2.6666666666666696,2.3333333333333304,3.3333333333333304,2.6666666666666696,2.0,2.0,2.0,80.0,57755.0,3.0,2.0,144,82.0,71.0,71.0,64.0,88.0,80.0,56.0,0.0,97.67,63.16,93.75,0.0,78.0,0.0,0.0,0.0,0.0,29.0,14.68,6.57,6.27,0.0,3.0,32.65,3,5.714017850864661
67,1,HSHS St Francis Hospital,2.9,2.77777777777778,3.44444444444444,2.88888888888889,3.3333333333333304,2.44444444444444,0.0,91.0,191.0,2.0,2.0,25,90.0,67.0,84.0,79.0,92.0,81.0,59.0,0.0,60.94,50.34,97.6,0.0,81.0,0.0,0.0,0.0,0.0,15.0,0.0,0.0,0.0,0.0,3.0,20.0,0,4.47213595499958
68,1,HSHS St Johnâ€™s Hospital,3.88,3.7368421052631597,4.315789473684211,3.7368421052631597,3.78947368421053,3.5,0.0,78.0,56207.0,3.0,2.0,382,77.0,59.0,72.0,60.0,86.0,73.0,49.0,0.0,79.35,59.06,83.01,100.0,73.0,9.58,5.25,2.01,0.0,22.0,12.71,5.0,11.08,11.15,3.0,32.38,4,5.690342696182718
69,1,HSHS St Joseph's Hospital Breese,3.5,3.3,3.2,3.0,3.4,3.0,0.0,86.0,7656.0,2.0,2.0,56,88.0,77.0,86.0,84.0,93.0,78.0,62.0,0.0,0.0,80.88,88.82,0.0,84.0,0.0,1.79,1.88,0.0,13.0,0.0,9.06,11.56,0.0,3.0,34.78,2,5.897457079114693
70,1,HSHS St Joseph's Hospital Highland,3.5,3.3,3.2,2.6666666666666696,2.0,2.0,0.0,91.0,6762.0,2.0,2.0,25,92.0,74.0,86.0,82.0,94.0,85.0,67.0,0.0,0.0,56.32,0.0,0.0,85.0,0.0,0.0,0.0,0.0,15.0,0.0,5.13,0.0,0.0,0.0,30.43,1,5.51633936592012
71,1,HSHS St Mary's Hospital Decatur,3.5,3.6666666666666696,3.6666666666666696,2.3333333333333304,2.6666666666666696,2.6666666666666696,0.0,77.0,36426.0,3.0,2.0,230,77.0,59.0,69.0,63.0,85.0,70.0,48.0,0.0,1.13,51.98,82.02,0.0,68.0,10.27,10.28,0.01,0.0,15.0,10.7,5.22,23.28,0.0,3.0,57.45,3,7.57957782465488
72,1,HSHS St Mary's Hospital Streator,1.0,1.0,1.0,1.0,1.0,1.0,0.0,81.0,191.0,2.0,2.0,90,80.0,59.0,75.0,64.0,89.0,73.0,55.0,0.0,0.0,0.0,0.0,0.0,72.0,0.0,0.0,0.0,0.0,15.0,0.0,0.0,0.0,0.0,3.0,20.0,0,4.47213595499958
73,0,Illini Community Hospital -Blessing,3.5,3.7,3.5,3.8,3.7,3.1,0.0,88.0,5484.0,2.0,2.0,35,88.0,78.0,83.0,91.0,96.0,75.0,70.0,0.0,0.0,68.39,0.0,0.0,87.0,0.0,2.6,0.0,0.0,30.0,0.0,12.05,0.0,0.0,3.0,33.33,1,5.773214009544423
74,0,Illinois Valley Community Hospital,2.3333333333333304,3.25,2.75,2.25,2.0,2.0,0.0,86.0,12370.0,1.0,2.0,49,88.0,58.0,79.0,81.0,91.0,78.0,62.0,0.0,95.33,70.32,85.89,0.0,78.0,21.69,1.56,7.78,0.0,14.0,30.52,11.82,16.98,0.0,3.0,51.35,3,7.165891430938652
75,0,Ingalls Memorial Hospital,3.2,3.19827586206897,3.13157894736842,3.0535714285714306,3.01851851851852,2.7551020408163303,0.0,79.0,103732.0,2.0,2.0,485,73.0,55.0,65.0,58.0,86.0,61.0,46.0,0.0,93.11,65.44,82.52,0.0,65.0,4.01,0.81,0.27,0.0,32.0,13.3,6.26,12.37,0.0,3.0,64.0,3,8.0
76,0,Iroquois Memorial Hospital,4.0,4.0,4.0,3.8,3.2,3.4,0.0,74.0,6970.0,2.0,2.0,25,76.0,50.0,56.0,76.0,87.0,53.0,57.0,0.0,63.61,70.05,90.69,0.0,60.0,0.0,8.4,0.0,0.0,14.0,0.0,14.17,0.0,0.0,0.0,31.58,1,5.619608527290847
77,0,Jackson Park Hospital & Medical Center,2.45,2.52941176470588,2.0625,2.3125,2.1875,2.0,0.0,65.0,18910.0,3.0,2.0,239,55.0,50.0,56.0,45.0,69.0,35.0,36.0,0.0,74.15,60.08,99.19,0.0,39.0,17.58,12.39,6.66,0.0,55.0,12.05,10.85,50.63,0.0,2.0,25.93,3,5.0921508225896055
78,0,Jersey Community Hospital,2.0,4.0,2.0,2.0,3.0,2.0,0.0,88.0,9174.0,2.0,2.0,43,88.0,70.0,85.0,87.0,92.0,79.0,66.0,0.0,4.0,55.38,0.0,0.0,84.0,0.0,0.0,0.0,0.0,21.0,40.65,8.75,0.0,0.0,0.0,33.33,2,5.773214009544423
79,0,John H Stroger Jr Hospital of Cook County,3.3428571428571403,3.4464285714285694,3.0092592592592595,3.1296296296296298,3.7884615384615397,2.4,0.0,81.0,83790.0,2.0,2.0,450,68.0,53.0,59.0,53.0,82.0,69.0,48.0,0.0,88.46,68.39,88.57,98.97,66.0,6.31,0.02,0.0,0.19,53.0,26.55,7.16,12.97,13.1,3.0,8.11,4,2.8478061731796283
80,0,Katherine Shaw Bethea Hospital,4.0,4.11111111111111,3.6666666666666696,2.77777777777778,3.11111111111111,3.11111111111111,0.0,80.0,18758.0,2.0,2.0,80,79.0,62.0,76.0,72.0,89.0,73.0,57.0,0.0,77.46,51.44,99.32,0.0,76.0,8.91,2.12,5.47,0.0,19.0,11.8,6.0,14.42,0.0,3.0,15.0,3,3.872983346207417
81,0,Kirby Medical Center,3.90909090909091,3.77777777777778,3.6666666666666696,3.11111111111111,3.77777777777778,3.3333333333333304,0.0,81.0,5631.0,2.0,2.0,16,95.0,84.0,97.0,96.0,97.0,91.0,65.0,0.0,0.0,63.03,0.0,0.0,94.0,0.0,0.0,0.0,0.0,15.0,0.0,8.69,0.0,0.0,0.0,12.5,1,3.5355339059327378
82,0,La Rabida Childrens,3.18518518518519,2.86,2.88,2.54,3.0833333333333304,2.45454545454545,0.0,81.0,191.0,2.0,2.0,49,80.0,59.0,75.0,64.0,89.0,73.0,55.0,0.0,0.0,0.0,0.0,0.0,72.0,0.0,0.0,0.0,0.0,15.0,0.0,0.0,0.0,0.0,3.0,20.0,0,4.47213595499958
83,0,Lawrence County Memorial Hospital,5.0,5.0,5.0,3.0,5.0,4.0,0.0,89.0,4476.0,2.0,2.0,25,87.0,65.0,86.0,76.0,88.0,74.0,63.0,0.0,0.0,56.95,0.0,0.0,77.0,0.0,0.0,0.0,0.0,15.0,0.0,11.69,0.0,0.0,0.0,20.0,0,4.47213595499958
84,0,Little Company of Mary Hospital,3.4428571428571404,3.4561403508771904,3.47169811320755,3.2075471698113196,3.05882352941176,2.78723404255319,1.0,75.0,44628.0,2.0,2.0,298,80.0,61.0,75.0,65.0,83.0,67.0,50.0,0.0,88.4,69.27,89.08,0.0,70.0,5.43,0.0,0.0,0.0,54.0,15.41,7.56,9.47,0.0,2.0,32.61,3,5.710516614107694
85,0,Loretto Hospital,2.4583333333333304,2.5,2.45454545454545,2.5,2.54545454545455,1.6666666666666698,0.0,72.0,14914.0,2.0,2.0,177,75.0,63.0,74.0,67.0,73.0,54.0,46.0,0.0,98.44,61.01,0.0,0.0,56.0,13.43,0.42,0.0,0.0,14.0,22.31,5.54,0.0,0.0,3.0,20.0,0,4.47213595499958
86,0,Loyola Gottlieb Memorial Hospital,3.5,3.3333333333333304,3.2666666666666697,2.93333333333333,3.2,2.6,0.0,78.0,25358.0,3.0,2.0,247,78.0,57.0,72.0,66.0,85.0,63.0,49.0,0.0,95.07,79.32,0.0,0.0,62.0,0.0,0.05,0.0,0.0,29.0,15.28,7.12,0.0,0.0,1.0,9.84,2,3.1368774282716245
87,0,Loyola University Medical Center Maywood,2.94444444444444,2.97530864197531,3.0987654320987703,2.69135802469136,2.95061728395062,2.02739726027397,1.0,81.0,41074.0,3.0,2.0,547,80.0,53.0,61.0,67.0,86.0,73.0,55.0,0.0,96.72,74.82,87.87,99.92,72.0,0.0,0.0,0.0,0.0,46.0,14.68,7.66,10.95,13.08,3.0,25.42,4,5.041825066382213
88,0,MacNeal Hospital,3.0545454545454502,2.875,2.80851063829787,3.0106382978723403,2.7173913043478297,2.64285714285714,0.0,76.0,63748.0,1.0,2.0,374,75.0,52.0,63.0,63.0,85.0,62.0,48.0,0.0,94.68,69.6,87.29,0.0,63.0,0.0,0.0,0.0,0.0,15.0,13.64,5.6,12.31,0.0,3.0,41.18,3,6.417164482853778
89,0,Marshall Browning Hospital,4.0,2.0,4.0,3.0,3.0,4.0,0.0,80.0,3697.0,2.0,2.0,25,82.0,52.0,79.0,81.0,88.0,64.0,50.0,0.0,0.0,45.97,0.0,0.0,66.0,0.0,0.0,0.0,0.0,8.0,0.0,7.23,0.0,0.0,0.0,23.81,1,4.879549159502341
90,0,Mason District Hospital,1.5,2.0,2.0,2.0,2.5,3.0,0.0,80.0,3838.0,2.0,2.0,25,83.0,77.0,90.0,79.0,91.0,78.0,62.0,0.0,0.0,100.0,0.0,0.0,81.0,0.0,0.0,0.0,0.0,15.0,0.0,22.73,0.0,0.0,0.0,12.5,1,3.5355339059327378
91,0,Massac Memorial Hospital,4.1,3.9,3.8,3.4,3.9,3.3,0.0,89.0,7112.0,2.0,2.0,25,83.0,62.0,88.0,76.0,86.0,79.0,58.0,0.0,0.0,77.06,0.0,0.0,82.0,0.0,0.0,0.0,0.0,16.0,0.0,6.42,0.0,0.0,3.0,43.48,1,6.593936608733815
92,0,McDonough District Hospital,2.57142857142857,4.0,2.2,2.6,3.2,2.0,0.0,85.0,14053.0,2.0,2.0,48,81.0,65.0,79.0,68.0,90.0,65.0,52.0,0.0,100.0,62.45,100.0,0.0,70.0,17.52,3.16,0.0,0.0,10.0,17.12,8.93,25.45,0.0,3.0,18.18,2,4.263801121065568
93,0,Memorial Hospital Carthage,4.0,4.0,4.0,2.3,3.0,3.7,0.0,85.0,4314.0,2.0,2.0,18,87.0,73.0,86.0,79.0,91.0,77.0,58.0,0.0,0.0,62.61,80.73,0.0,83.0,0.0,7.39,23.53,0.0,21.0,0.0,11.16,23.65,0.0,3.0,20.0,0,4.47213595499958
94,0,Memorial Hospital Chester,3.8,4.3,3.7,3.3,3.7,3.7,0.0,92.0,6092.0,2.0,2.0,25,86.0,63.0,76.0,81.0,95.0,70.0,55.0,0.0,0.0,38.0,0.0,0.0,80.0,0.0,0.0,0.0,0.0,15.0,0.0,3.4,0.0,0.0,0.0,12.5,1,3.5355339059327378
95,0,Memorial Hospital of Carbondale,4.375,4.28571428571429,3.5714285714285694,4.42857142857143,4.142857142857141,3.71428571428571,0.0,82.0,33847.0,2.0,2.0,162,82.0,57.0,76.0,73.0,87.0,78.0,55.0,0.0,100.0,100.0,100.0,0.0,77.0,2.63,16.68,0.15,0.0,24.0,13.78,7.35,11.61,0.0,2.0,24.04,3,4.903060268852505
96,0,Memorial Medical Center Springfield,4.1,3.5,3.8,3.6,3.5,3.5,0.0,78.0,65778.0,2.0,2.0,500,78.0,54.0,71.0,62.0,89.0,78.0,55.0,2.0,85.12,63.73,81.12,0.0,74.0,1.71,6.15,0.0,0.0,18.0,14.16,5.35,8.48,0.0,1.0,22.27,3,4.719110085598767
97,0,Memorial Network Belleville,3.5789473684210495,3.76470588235294,3.23529411764706,3.3529411764705896,3.5294117647058796,2.8,0.0,80.0,53087.0,2.0,2.0,222,80.0,63.0,70.0,69.0,89.0,73.0,54.0,0.0,86.82,58.83,83.89,0.0,72.0,1.08,0.73,0.0,0.0,16.0,12.32,4.66,11.02,0.0,3.0,24.18,3,4.917316341257699
98,0,Memorial Network East Shiloh,3.5789473684210495,3.76470588235294,3.23529411764706,3.3529411764705896,3.5294117647058796,2.8,0.0,79.0,26719.0,2.0,2.0,94,83.0,68.0,77.0,69.0,89.0,80.0,58.0,0.0,87.87,63.57,79.01,0.0,81.0,0.0,0.0,0.0,0.0,12.0,15.33,5.32,18.93,0.0,3.0,30.77,3,5.547071299343465
99,0,Mercy Hospital and Medical Center,2.75806451612903,2.96551724137931,3.38793103448276,2.875,2.81818181818182,2.4423076923076903,1.0,74.0,36884.0,3.0,2.0,412,74.0,58.0,63.0,56.0,81.0,57.0,43.0,0.0,95.13,72.43,88.18,0.0,60.0,0.94,4.42,2.17,0.0,77.0,15.79,5.11,11.37,0.0,2.0,28.57,3,5.345091205957107
100,0,Mercyhealth Hospital and Medical Center Harvard,3.0,3.0,4.0,4.0,4.0,3.0,0.0,80.0,5475.0,2.0,2.0,50,85.0,71.0,79.0,83.0,89.0,80.0,55.0,0.0,99.11,67.55,0.0,0.0,79.0,0.0,0.0,0.0,0.0,17.0,22.23,8.87,0.0,0.0,0.0,20.0,0,4.47213595499958
101,0,Mercyhealth Javon Bea Riverside,3.0,2.7,3.1,2.5,2.8,2.5,0.0,81.0,4781.0,2.0,2.0,188,80.0,59.0,75.0,64.0,89.0,73.0,55.0,0.0,0.0,0.0,0.0,0.0,72.0,0.0,0.0,0.0,0.0,15.0,0.0,0.0,0.0,0.0,3.0,20.0,0,4.47213595499958
102,0,Mercyhealth Javon Bea Rockford,3.0,2.7,3.1,2.5,2.8,2.5,0.0,78.0,42072.0,1.0,2.0,100,79.0,61.0,72.0,64.0,87.0,68.0,50.0,0.0,78.6,67.47,94.47,98.77,67.0,1.17,0.63,1.2,0.0,46.0,16.12,6.94,18.29,12.03,3.0,11.36,4,3.370459909270543
103,0,Methodist Hospital Chicago,2.71428571428571,2.8333333333333304,2.3333333333333304,1.8333333333333302,2.0,1.8333333333333302,0.0,78.0,2218.0,3.0,2.0,145,68.0,70.0,70.0,65.0,79.0,38.0,33.0,0.0,72.32,72.05,0.0,0.0,58.0,0.0,0.0,0.0,0.0,16.0,10.39,5.12,0.0,0.0,2.0,125.0,2,11.180339887498949
104,0,Metrosouth Medical Center,2.2666666666666697,2.5652173913043503,2.39130434782609,2.0434782608695703,2.68181818181818,2.14285714285714,2.0,79.0,45914.0,3.0,2.0,314,80.0,63.0,75.0,68.0,85.0,60.0,45.0,0.0,98.8,72.17,84.66,0.0,65.0,22.85,5.87,7.83,0.0,16.0,13.23,5.77,9.85,0.0,3.0,40.91,3,6.396092557178953
105,0,Midwest Medical Center,3.2,3.2,2.9,2.9,3.3,2.6,0.0,95.0,3651.0,2.0,2.0,25,92.0,75.0,91.0,73.0,90.0,85.0,72.0,0.0,0.0,72.81,0.0,0.0,89.0,0.0,0.0,0.0,0.0,15.0,0.0,4.1,0.0,0.0,0.0,14.29,1,3.7802116342871597
106,0,Morris Hospital & Healthcare Centers,2.9,2.7,2.9,2.7,3.2,2.1,0.0,81.0,25682.0,2.0,2.0,89,82.0,56.0,80.0,74.0,92.0,78.0,61.0,0.0,83.75,60.41,75.15,0.0,80.0,2.61,0.0,0.0,0.0,16.0,17.35,8.19,10.87,0.0,3.0,17.14,3,4.1400483088968905
107,0,Morrison Community Hospital,4.0,4.0,3.0,3.0,3.0,3.0,0.0,78.0,2020.0,2.0,2.0,25,75.0,59.0,85.0,68.0,89.0,83.0,53.0,0.0,0.0,96.15,0.0,0.0,78.0,0.0,0.0,0.0,0.0,6.0,0.0,8.15,0.0,0.0,0.0,18.75,1,4.330127018922194
108,0,Mount Sinai Hospital Chicago,2.8,3.11111111111111,3.0,2.77777777777778,2.6666666666666696,2.88888888888889,0.0,75.0,36770.0,2.0,2.0,288,70.0,55.0,57.0,50.0,77.0,44.0,38.0,0.0,99.98,71.11,81.39,99.95,48.0,0.12,0.36,0.01,0.0,62.0,23.61,4.86,8.39,12.0,3.0,25.42,4,5.041825066382213
109,0,Northshore Univ HS Evanston,3.8,3.6666666666666696,4.33333333333333,3.6666666666666696,3.3333333333333304,3.88888888888889,2.0,81.0,35149.0,3.0,2.0,354,80.0,61.0,75.0,64.0,86.0,77.0,53.0,0.0,83.26,60.44,77.54,98.76,74.0,0.0,0.0,0.0,0.0,37.0,16.26,5.75,8.43,11.84,3.0,22.45,4,4.738143096192854
110,0,Northshore Univ HS Highland Park,3.1,2.5,3.0,3.0,3.0,2.5,0.0,81.0,34729.0,2.0,2.0,173,80.0,61.0,75.0,64.0,86.0,77.0,53.0,0.0,77.48,58.29,0.0,0.0,74.0,0.0,0.0,0.0,0.0,37.0,13.69,6.02,0.0,0.0,3.0,20.0,2,4.47213595499958
111,0,NorthShore Univ HS Glenbrook,3.4,3.0,3.2,3.4,3.6,2.9,0.0,81.0,24860.0,3.0,2.0,139,80.0,61.0,75.0,64.0,86.0,77.0,53.0,0.0,86.02,58.06,81.91,0.0,74.0,0.0,0.0,0.0,0.0,37.0,14.65,6.55,9.65,0.0,3.0,42.31,3,6.504613747179766
112,0,Northshore Univ HS Skokie Hospital,3.3,3.6666666666666696,3.3333333333333304,2.88888888888889,3.3333333333333304,2.75,0.0,81.0,28878.0,2.0,2.0,123,80.0,61.0,75.0,64.0,86.0,77.0,53.0,0.0,82.98,57.87,0.0,0.0,74.0,0.0,0.0,0.0,0.0,37.0,14.96,5.89,0.0,0.0,3.0,26.67,2,5.164300533470143
113,0,Northwest Community Healthcare Hospital,4.0,3.04513888888889,3.1373239436619706,2.9,3.2841726618705,2.4957983193277298,2.0,78.0,73258.0,2.0,2.0,509,78.0,58.0,69.0,63.0,87.0,74.0,51.0,0.0,88.26,68.28,84.99,82.8,72.0,0.54,0.47,0.32,1.26,9.0,18.37,7.44,11.63,12.48,1.0,14.94,4,3.8652296180175374
114,0,Northwestern Medicine Central Dupage Hospital,3.70769230769231,3.5,3.76,3.74,3.70408163265306,3.28571428571429,2.0,83.0,69284.0,3.0,3.0,392,82.0,65.0,77.0,63.0,88.0,84.0,57.0,0.0,85.72,66.09,89.09,91.07,82.0,0.55,0.1,0.97,0.38,23.0,14.86,6.33,10.26,10.7,3.0,21.43,4,4.629254799641083
115,1,Northwestern Medicine Delnor - Geneva,4.16666666666667,4.0,4.5,3.5,3.8,2.4,0.0,84.0,40750.0,2.0,2.0,159,83.0,58.0,78.0,64.0,89.0,81.0,54.0,0.0,80.71,67.5,68.84,0.0,79.0,0.0,0.63,2.33,0.0,18.0,12.5,6.56,10.04,0.0,3.0,12.96,3,3.6
116,1,Northwestern Medicine Huntley,3.6,3.2,3.8,4.2,2.8,2.8,1.0,81.0,24251.0,2.0,2.0,128,80.0,59.0,75.0,64.0,89.0,73.0,55.0,0.0,92.06,67.89,82.95,0.0,72.0,6.4,3.67,0.0,0.0,15.0,15.27,7.42,12.58,0.0,3.0,19.74,3,4.442971978304612
117,1,Northwestern Medicine Kishwaukee -DeKalb,4.25,4.75,4.0,4.25,3.5,3.75,0.0,84.0,32640.0,2.0,2.0,98,83.0,55.0,68.0,64.0,89.0,68.0,52.0,0.0,96.38,67.78,100.0,0.0,72.0,0.61,1.32,0.0,0.0,13.0,12.78,6.62,17.98,0.0,3.0,7.14,3,2.6720778431774774
118,1,Northwestern Medicine Lake Forest,3.975,3.6571428571428597,3.6571428571428597,3.6,3.68571428571429,3.32352941176471,0.0,86.0,34194.0,2.0,2.0,114,81.0,71.0,74.0,67.0,88.0,81.0,56.0,0.0,76.46,56.62,79.31,0.0,79.0,2.05,2.64,0.07,0.0,12.0,15.56,8.97,11.74,0.0,3.0,15.15,3,3.892300091205713
119,1,Northwestern Medicine McHenry,3.6666666666666696,3.6666666666666696,4.0,3.6666666666666696,4.0,3.0,2.0,77.0,32949.0,3.0,2.0,157,80.0,56.0,72.0,70.0,88.0,65.0,49.0,0.0,83.85,64.93,76.53,0.0,68.0,8.63,2.9,0.0,0.0,22.0,16.83,6.95,10.18,0.0,2.0,12.28,3,3.504283093587046
120,1,Northwestern Medicine Valley West,3.75,4.0,3.875,3.875,3.875,3.375,0.0,84.0,8061.0,2.0,2.0,25,90.0,67.0,82.0,83.0,90.0,82.0,56.0,0.0,100.0,82.05,100.0,0.0,85.0,0.0,0.21,1.62,0.0,14.0,25.26,8.75,35.93,0.0,3.0,20.0,2,4.47213595499958
121,1,Northwestern Medicine Woodstock,5.0,5.0,5.0,5.0,5.0,5.0,0.0,81.0,12260.0,2.0,2.0,56,80.0,59.0,75.0,64.0,89.0,73.0,55.0,0.0,80.43,61.34,41.81,0.0,72.0,0.0,0.0,0.0,0.0,17.0,0.0,0.0,0.0,0.0,3.0,20.0,0,4.47213595499958
122,1,Northwestern Memorial Hospital - Chicago,3.1,2.77777777777778,2.55555555555556,2.77777777777778,2.88888888888889,2.25,2.0,81.0,85169.0,3.0,2.0,894,79.0,67.0,72.0,60.0,84.0,82.0,55.0,0.0,100.0,78.11,83.74,100.0,81.0,0.07,0.03,0.0,0.0,47.0,16.45,6.47,0.0,0.0,2.0,19.76,3,4.445222154178574
123,0,Norwegian-American Hospital,2.46153846153846,2.45945945945946,2.2432432432432403,2.40540540540541,2.67567567567568,1.97222222222222,0.0,74.0,21597.0,2.0,2.0,210,70.0,53.0,65.0,56.0,83.0,52.0,33.0,0.0,92.98,73.53,77.73,0.0,55.0,18.79,12.42,1.84,0.0,37.0,13.78,6.39,28.62,0.0,3.0,22.22,3,4.71380949975707
124,1,OSF Heart of Mary Medical Center,4.0,3.0,3.6666666666666696,3.6666666666666696,4.0,3.6666666666666696,0.0,77.0,20643.0,3.0,2.0,210,82.0,57.0,75.0,72.0,89.0,73.0,52.0,0.0,85.94,78.71,82.5,0.0,72.0,1.48,1.23,3.67,0.0,18.0,16.74,10.02,23.41,0.0,3.0,13.79,2,3.713488925525428
125,1,OSF Holy Family Medical Center,5.0,5.0,3.0,4.5,4.0,3.0,0.0,85.0,7263.0,2.0,2.0,23,88.0,77.0,91.0,86.0,95.0,84.0,60.0,0.0,0.0,54.48,0.0,0.0,80.0,0.0,0.0,0.0,0.0,12.0,0.0,7.31,0.0,0.0,0.0,62.5,1,7.905694150420948
126,1,OSF Sacred Heart Medical Center,4.0,3.5,4.0,4.0,4.0,3.5,1.0,73.0,36034.0,2.0,2.0,174,75.0,59.0,75.0,63.0,84.0,57.0,43.0,0.0,88.61,61.9,79.94,0.0,59.0,3.62,0.88,1.46,0.0,29.0,14.09,7.09,32.3,0.0,3.0,75.0,3,8.660254037844387
127,1,OSF Saint Anthony Medical Center,3.6,3.44444444444444,3.44444444444444,2.6666666666666696,3.22222222222222,2.77777777777778,0.0,80.0,38117.0,2.0,2.0,241,79.0,53.0,71.0,54.0,88.0,73.0,52.0,4.0,83.27,87.91,74.77,0.0,72.0,3.7,2.49,3.56,0.0,11.0,14.74,6.53,20.62,0.0,2.0,28.0,3,5.291502622129181
128,1,OSF Saint Anthony's Health Center,2.0,2.0,3.3333333333333304,1.33333333333333,2.6666666666666696,2.3333333333333304,0.0,85.0,2206.0,1.0,2.0,49,81.0,56.0,72.0,64.0,92.0,76.0,55.0,0.0,97.75,74.74,96.88,0.0,76.0,3.97,0.0,14.7,0.0,19.0,17.23,7.46,60.63,0.0,3.0,27.27,2,5.222068555658763
129,1,OSF Saint Elizabeth Medical Center,3.71428571428571,3.28571428571429,4.142857142857141,2.85714285714286,3.4285714285714306,3.14285714285714,0.0,83.0,29144.0,2.0,2.0,97,85.0,59.0,73.0,74.0,89.0,60.0,56.0,0.0,97.24,96.6,84.62,0.0,69.0,4.16,14.0,1.42,0.0,6.0,17.16,10.66,21.52,0.0,3.0,50.0,3,7.0710678118654755
130,1,OSF Saint James-John W Albrecht Medical Center,4.0,4.0,4.0,4.0,4.0,3.0,2.0,80.0,75051.0,2.0,3.0,629,81.0,53.0,70.0,59.0,88.0,75.0,53.0,11.0,81.81,70.44,78.07,82.87,73.0,0.33,4.77,0.79,0.01,43.0,20.63,7.32,6.08,14.45,2.0,37.64,4,6.135144660071187
131,1,OSF Saint Francis Medical Center,3.76333333333333,3.52671755725191,3.97692307692308,3.6003861003860997,3.64566929133858,3.3524590163934396,0.0,81.0,13367.0,2.0,2.0,42,83.0,50.0,77.0,68.0,93.0,66.0,50.0,0.0,98.13,56.35,98.84,0.0,73.0,1.98,0.42,3.93,0.0,4.0,15.84,8.57,37.47,0.0,3.0,14.29,2,3.7802116342871597
132,1,OSF Saint Luke Medical Center,3.7,3.7,3.0,3.3,4.0,3.0,0.0,80.0,191.0,2.0,2.0,25,83.0,76.0,87.0,78.0,90.0,73.0,57.0,0.0,0.0,69.09,0.0,0.0,77.0,0.0,0.0,0.0,0.0,15.0,14.4,15.48,0.0,0.0,0.0,10.0,1,3.1622776601683795
133,1,OSF St Mary Medical Center,4.16666666666667,4.33333333333333,3.8,3.4,3.3,5.0,0.0,80.0,20528.0,2.0,2.0,81,81.0,54.0,73.0,68.0,85.0,75.0,51.0,0.0,94.39,72.62,94.23,0.0,76.0,0.86,0.29,3.03,0.0,15.0,18.28,9.34,19.75,0.0,3.0,34.62,3,5.88387627334226
134,1,OSF St Paul Medical Center,5.0,4.0,5.0,5.0,4.5,4.5,0.0,86.0,5916.0,2.0,2.0,25,87.0,64.0,82.0,81.0,93.0,72.0,57.0,0.0,100.0,53.6,0.0,0.0,84.0,19.7,0.01,0.0,0.0,15.0,18.26,12.47,0.0,0.0,0.0,25.0,1,5.0
135,0,Palos Community Hospital,2.5223880597014903,2.7545454545454504,2.26851851851852,2.6018518518518503,3.05660377358491,1.8958333333333302,0.0,80.0,15821.0,2.0,2.0,425,82.0,57.0,65.0,69.0,87.0,75.0,50.0,0.0,87.32,69.12,99.93,0.0,75.0,0.0,0.0,0.0,0.0,31.0,13.74,5.84,16.78,0.0,3.0,21.53,3,4.640043103248073
136,0,Pana Communuity Hospital,4.3,4.7,3.7,3.7,4.3,4.0,0.0,87.0,6306.0,2.0,2.0,22,92.0,79.0,90.0,83.0,86.0,72.0,52.0,0.0,0.0,79.48,0.0,0.0,79.0,0.0,0.0,0.0,0.0,15.0,0.0,8.68,0.0,0.0,0.0,20.0,0,4.47213595499958
137,0,Paris Community Hospital,4.0,3.6,3.6,3.0,3.0,3.0,0.0,84.0,8879.0,2.0,2.0,25,81.0,63.0,78.0,76.0,92.0,76.0,55.0,0.0,0.0,45.9,0.0,0.0,84.0,0.0,0.0,0.0,0.0,20.0,0.0,7.04,0.0,0.0,0.0,7.14,1,2.6720778431774774
138,0,Passavant Area Hospital,4.0,3.77777777777778,4.0,3.375,3.875,2.57142857142857,0.0,76.0,27788.0,2.0,2.0,131,77.0,51.0,77.0,67.0,90.0,64.0,52.0,0.0,86.06,57.36,83.99,0.0,68.0,5.67,0.0,0.0,0.0,30.0,18.19,6.35,12.95,0.0,3.0,38.46,3,6.201612693485462
139,0,Perry Memorials Hospital,1.5,3.5,2.5,1.0,4.0,1.0,0.0,81.0,6872.0,2.0,2.0,25,85.0,57.0,88.0,70.0,88.0,70.0,45.0,0.0,100.0,56.78,0.0,0.0,76.0,7.1,2.6,0.0,0.0,10.0,61.56,9.14,0.0,0.0,0.0,28.57,2,5.345091205957107
140,0,Pickneyville Community Hospital,3.8,3.3,2.3,2.5,3.0,3.0,0.0,92.0,3143.0,2.0,2.0,17,87.0,59.0,94.0,80.0,92.0,80.0,67.0,0.0,0.0,50.77,0.0,0.0,87.0,0.0,0.0,0.0,0.0,19.0,0.0,8.85,0.0,0.0,0.0,20.0,0,4.47213595499958
141,0,Provident Hospital Cook County,4.25,4.33333333333333,5.0,4.66666666666667,4.66666666666667,4.33333333333333,0.0,76.0,22848.0,2.0,2.0,85,71.0,82.0,75.0,64.0,71.0,71.0,43.0,0.0,0.0,62.99,0.0,0.0,65.0,0.0,9.83,0.0,0.0,54.0,0.0,4.32,0.0,0.0,3.0,20.0,0,4.47213595499958
142,0,Red Bud Regional Hospital,2.3333333333333304,2.8,2.2,2.0,2.4,2.2,0.0,83.0,191.0,2.0,2.0,25,83.0,64.0,78.0,68.0,91.0,75.0,58.0,0.0,0.0,61.94,0.0,0.0,76.0,0.0,0.0,0.0,0.0,16.0,0.0,0.0,0.0,0.0,0.0,20.0,0,4.47213595499958
143,0,Richland Memorial Hospital,3.6,3.5,2.75,2.75,3.25,2.5,0.0,80.0,9418.0,2.0,2.0,104,81.0,65.0,84.0,73.0,91.0,65.0,54.0,0.0,87.1,67.16,100.0,0.0,76.0,0.0,0.0,0.0,0.0,16.0,13.81,5.86,20.72,0.0,3.0,20.0,3,4.47213595499958
144,0,Riverside Medical Center,3.1785714285714306,3.20886075949367,3.31645569620253,3.18354430379747,3.0506329113923996,3.0273972602739705,0.0,81.0,43545.0,2.0,2.0,300,81.0,62.0,73.0,61.0,86.0,78.0,54.0,0.0,98.91,67.1,100.0,0.0,76.0,1.17,0.3,0.0,0.0,11.0,15.64,6.6,8.13,0.0,3.0,16.67,3,4.0828911325187205
145,0,Rochelle Community Hospital,3.0,3.1666666666666696,3.3333333333333304,2.8333333333333304,3.6666666666666696,2.3333333333333304,0.0,91.0,7389.0,2.0,2.0,16,91.0,70.0,93.0,93.0,88.0,85.0,56.0,0.0,0.0,58.84,0.0,0.0,75.0,0.0,0.0,0.0,0.0,15.0,0.0,13.62,0.0,0.0,0.0,20.0,0,4.47213595499958
146,0,Roseland Community Hospital,2.25,2.38888888888889,2.22222222222222,1.94444444444444,2.1666666666666696,2.11764705882353,0.0,75.0,19110.0,2.0,2.0,134,67.0,63.0,67.0,53.0,73.0,40.0,39.0,0.0,88.27,0.0,83.05,0.0,44.0,15.06,0.0,0.0,0.0,99.0,14.23,0.0,37.15,0.0,3.0,50.0,2,7.0710678118654755
147,0,Rush Oak Park,3.34375,3.4310344827586206,3.53571428571429,3.26785714285714,3.28571428571429,2.875,0.0,81.0,36905.0,2.0,2.0,201,82.0,64.0,72.0,71.0,86.0,72.0,50.0,0.0,91.37,70.12,0.0,0.0,71.0,0.13,0.0,0.0,0.0,23.0,18.82,7.48,0.0,0.0,3.0,12.5,2,3.5355339059327378
148,0,Rush University Medical Center,3.6448979591836697,3.48360655737705,3.62558685446009,3.49413145539906,3.5,3.1043256997455497,1.0,80.0,68148.0,3.0,2.0,727,82.0,70.0,71.0,65.0,88.0,82.0,56.0,1.0,89.36,74.0,85.94,92.74,80.0,0.0,0.0,0.0,0.0,34.0,15.42,7.13,11.06,12.52,3.0,15.56,4,3.944616584663204
149,0,Rush-Copley Medical Center,3.5,3.46296296296296,3.625,3.30769230769231,3.32352941176471,2.95652173913043,2.0,80.0,58735.0,2.0,2.0,210,83.0,54.0,78.0,65.0,87.0,74.0,54.0,0.0,84.73,66.02,83.81,100.0,76.0,0.0,0.0,0.0,0.0,40.0,15.27,6.98,11.29,13.18,1.0,14.29,4,3.7802116342871597
150,0,Salem Township Hospital,3.0,3.0,4.0,1.0,2.0,1.0,0.0,84.0,5291.0,2.0,2.0,25,91.0,68.0,89.0,85.0,92.0,83.0,61.0,0.0,100.0,53.36,0.0,0.0,87.0,0.0,0.0,0.0,0.0,15.0,20.33,9.75,0.0,0.0,0.0,30.77,1,5.547071299343465
151,0,Sarah Bush Lincoln Health Center,4.32,3.9,4.425,3.975,4.2,3.68421052631579,2.0,83.0,27572.0,2.0,2.0,145,85.0,67.0,80.0,75.0,94.0,76.0,61.0,0.0,80.16,69.27,81.03,0.0,81.0,0.0,0.0,0.0,0.0,26.0,15.97,11.97,13.15,0.0,3.0,34.29,2,5.85576638878294
152,0,Sarah D Culbertson Memorial Hospital,3.5,3.5,3.5,3.5,3.5,2.5,0.0,75.0,4479.0,2.0,2.0,22,78.0,51.0,92.0,75.0,87.0,68.0,56.0,0.0,0.0,51.65,0.0,0.0,73.0,0.0,0.08,0.0,0.0,15.0,0.0,16.36,0.0,0.0,0.0,25.0,1,5.0
153,0,Shriners Hospital for Children,3.0,3.5,3.0,3.0,3.75,2.3333333333333304,0.0,81.0,191.0,2.0,2.0,60,80.0,59.0,75.0,64.0,89.0,73.0,55.0,0.0,0.0,0.0,0.0,0.0,72.0,0.0,0.0,0.0,0.0,15.0,0.0,0.0,0.0,0.0,3.0,20.0,0,4.47213595499958
154,0,Silver Cross Hospital,3.5479452054794502,3.3934426229508197,3.3360655737704903,3.22033898305085,3.25862068965517,3.0,2.0,79.0,61794.0,3.0,2.0,322,83.0,59.0,75.0,71.0,89.0,79.0,55.0,9.0,92.39,57.09,79.75,0.0,79.0,0.28,0.0,0.0,0.0,41.0,16.26,6.24,11.18,0.0,2.0,22.92,3,4.787483681434329
155,0,South Shore Hospital,2.5,2.75,2.5833333333333304,1.9166666666666698,1.90909090909091,1.90909090909091,0.0,76.0,7685.0,1.0,2.0,137,72.0,55.0,66.0,64.0,80.0,56.0,50.0,0.0,76.09,68.08,0.0,0.0,56.0,0.0,0.0,0.0,0.0,76.0,11.84,5.5,0.0,0.0,3.0,80.0,2,8.94427190999916
156,0,Sparta Community Hospital,3.4,3.1,2.8,2.5,2.1,2.7,0.0,89.0,191.0,2.0,2.0,25,84.0,69.0,92.0,75.0,89.0,72.0,54.0,0.0,0.0,53.9,0.0,0.0,79.0,0.0,0.0,0.0,0.0,15.0,0.0,0.0,0.0,0.0,0.0,20.0,0,4.47213595499958
157,1,SSM Health Good Samiritan Hospital,2.96666666666667,3.3333333333333304,3.44444444444444,2.88888888888889,3.44444444444444,2.55555555555556,0.0,83.0,23442.0,2.0,2.0,134,82.0,69.0,77.0,67.0,88.0,75.0,54.0,0.0,83.58,60.94,90.83,0.0,77.0,0.09,0.01,0.0,0.0,33.0,17.66,7.59,12.11,0.0,3.0,25.0,3,5.0
158,1,SSM Health St Mary's Hospital,3.55555555555556,3.88888888888889,3.55555555555556,3.44444444444444,3.6666666666666696,3.125,0.0,83.0,18686.0,2.0,2.0,125,82.0,64.0,77.0,72.0,92.0,65.0,56.0,0.0,86.17,50.71,94.79,0.0,72.0,0.13,2.28,0.05,0.0,29.0,18.37,7.08,18.85,0.0,3.0,15.38,3,3.9217343102255158
159,0,St Anthony Hospital Chicago,3.0714285714285694,2.96,3.36,3.08,3.12,2.5416666666666696,2.0,74.0,35991.0,2.0,2.0,151,71.0,55.0,67.0,52.0,84.0,62.0,50.0,0.0,100.0,1.28,89.26,0.0,63.0,19.71,0.0,9.56,0.0,104.0,10.49,5.65,9.78,0.0,3.0,45.45,3,6.74166151627327
160,0,St Bernard Hospital and Health Care Center,2.92307692307692,3.13888888888889,2.7058823529411806,2.32352941176471,3.11764705882353,2.3076923076923097,0.0,71.0,32480.0,3.0,2.0,202,70.0,66.0,66.0,52.0,75.0,43.0,35.0,0.0,86.51,66.42,91.38,0.0,50.0,0.0,0.0,0.0,0.0,44.0,14.99,12.72,19.47,0.0,2.0,42.11,2,6.4892218331630485
161,0,St Joseph Memorial - SIH,3.5952380952381002,3.59459459459459,3.72972972972973,3.37837837837838,3.64864864864865,3.27027027027027,0.0,84.0,7909.0,2.0,2.0,25,85.0,65.0,82.0,71.0,90.0,79.0,62.0,0.0,0.0,95.07,0.0,0.0,82.0,0.0,0.0,0.0,0.0,22.0,0.0,6.28,0.0,0.0,0.0,26.32,1,5.130302135352264
162,0,St Margaret's Health,3.25,3.3333333333333304,3.3333333333333304,2.3333333333333304,2.0,1.6666666666666698,0.0,86.0,10763.0,2.0,2.0,44,86.0,64.0,81.0,77.0,89.0,80.0,59.0,0.0,89.9,54.93,88.82,0.0,77.0,2.34,5.92,5.13,0.0,19.0,23.11,8.9,18.62,0.0,3.0,36.36,3,6.029925372672534
163,0,Swedish Covenant Hospital,3.24390243902439,3.11643835616438,3.4109589041095902,2.8333333333333304,2.57746478873239,2.3692307692307697,2.0,78.0,50375.0,2.0,2.0,312,76.0,51.0,68.0,66.0,85.0,65.0,50.0,0.0,83.96,67.51,77.48,0.0,64.0,0.46,0.05,0.0,0.0,42.0,11.63,5.87,8.43,0.0,3.0,20.0,3,4.47213595499958
164,0,SwedishAmerican Hospital,3.50909090909091,3.32352941176471,3.6470588235294104,3.3529411764705896,3.29,3.0,1.0,78.0,75872.0,2.0,2.0,359,81.0,55.0,76.0,67.0,87.0,75.0,53.0,0.0,96.58,75.36,83.75,0.0,72.0,0.16,0.0,0.0,0.0,21.0,15.29,6.05,11.96,0.0,3.0,25.47,3,5.046781152378217
165,0,Taylorville Memorial Hospital,3.8,3.9,3.7,3.3,3.4,3.8,0.0,81.0,12057.0,2.0,2.0,25,82.0,53.0,82.0,69.0,90.0,73.0,55.0,0.0,51.49,51.69,0.0,0.0,72.0,0.17,0.15,0.0,0.0,17.0,5.23,5.24,0.0,0.0,0.0,17.65,2,4.201190307520001
166,0,Thomas H Boyd Memorial Hospital,3.8,3.7,3.6,3.4,3.6,3.3,0.0,91.0,2317.0,2.0,2.0,25,90.0,73.0,90.0,93.0,86.0,86.0,77.0,0.0,0.0,53.1,0.0,0.0,89.0,0.0,0.0,0.0,0.0,15.0,0.0,14.26,0.0,0.0,0.0,18.18,1,4.263801121065568
167,0,Thorek Hospital and Medical Center,2.52941176470588,2.25,2.0833333333333304,2.4166666666666696,2.5,2.1666666666666696,0.0,84.0,10527.0,2.0,2.0,172,78.0,69.0,77.0,67.0,86.0,69.0,58.0,0.0,98.48,60.61,0.0,0.0,74.0,0.0,0.95,0.0,0.0,4.0,64.26,18.44,0.0,0.0,3.0,15.63,1,3.9534794801541593
168,0,Touchette Regional Hospital,3.0,2.4,3.0,2.1,2.2,2.22222222222222,0.0,82.0,15295.0,2.0,2.0,137,86.0,75.0,80.0,76.0,87.0,67.0,56.0,0.0,68.78,57.96,95.25,0.0,76.0,0.0,0.0,21.8,0.0,48.0,24.79,9.33,126.9,0.0,3.0,36.36,2,6.029925372672534
169,0,Union County General Hospital,4.0,4.0,3.0,3.0,3.0,4.0,0.0,87.0,7057.0,2.0,2.0,47,85.0,66.0,78.0,71.0,88.0,67.0,53.0,0.0,0.0,71.02,0.0,0.0,66.0,0.0,0.0,0.0,0.0,17.0,0.0,10.95,0.0,0.0,0.0,13.33,1,3.651027252705737
170,1,Unitypoint Health - Methodist,3.3,3.2,3.7,3.3,3.2,2.8,2.0,79.0,42131.0,2.0,2.0,329,81.0,61.0,71.0,68.0,89.0,76.0,55.0,0.0,88.84,71.33,87.97,0.0,76.0,8.35,2.59,0.06,0.0,25.0,13.19,6.81,12.95,0.0,2.0,21.95,3,4.685082710048992
171,1,Unitypoint Health - Pekin,4.5,3.5,4.5,4.5,4.0,4.5,0.0,74.0,21984.0,1.0,2.0,95,76.0,55.0,71.0,62.0,85.0,58.0,45.0,0.0,96.88,60.89,94.19,0.0,62.0,2.62,4.53,0.0,0.0,18.0,10.22,6.59,18.11,0.0,3.0,42.11,2,6.4892218331630485
172,1,Unitypoint Health - Proctor,3.3,3.2,3.7,3.3,3.2,2.8,0.0,79.0,18682.0,2.0,2.0,210,80.0,47.0,67.0,64.0,88.0,72.0,51.0,0.0,99.05,71.97,0.0,0.0,72.0,5.55,6.78,0.0,0.0,10.0,15.02,6.6,0.0,0.0,3.0,20.0,2,4.47213595499958
173,1,Unitypoint Health - Trinity Moline,3.14285714285714,2.3333333333333304,2.6666666666666696,2.5,3.5,2.1666666666666696,0.0,76.0,26051.0,2.0,2.0,38,76.0,54.0,68.0,55.0,90.0,65.0,48.0,0.0,0.0,93.3,84.69,0.0,68.0,0.0,0.0,0.0,0.0,20.0,0.0,35.12,14.28,0.0,3.0,11.11,1,3.3331666624997918
174,1,Unitypoint Health - Trinity Rock Island,3.1,3.0,3.3333333333333304,3.3333333333333304,3.0,2.5,0.0,76.0,41169.0,2.0,2.0,327,76.0,54.0,68.0,55.0,90.0,65.0,48.0,0.0,81.22,56.67,0.0,0.0,68.0,0.0,0.0,0.0,0.0,20.0,15.69,6.11,0.0,0.0,3.0,26.39,2,5.137119815616529
175,0,University of Chicago Medicine,3.4331983805668,3.28672985781991,3.22511848341232,3.32057416267943,3.6504854368932005,2.73809523809524,2.0,82.0,100252.0,2.0,3.0,811,80.0,67.0,65.0,64.0,86.0,78.0,55.0,0.0,98.14,72.34,91.0,99.96,77.0,1.87,0.89,5.22,0.43,33.0,16.67,25.24,10.09,13.66,3.0,24.14,4,4.913247398615299
176,0,University of Illinois Hospital and Health Sciences System,3.2545454545454504,3.23404255319149,2.8777777777777795,3.11111111111111,3.59090909090909,2.61904761904762,2.0,77.0,54399.0,1.0,2.0,465,74.0,51.0,65.0,64.0,81.0,65.0,48.0,0.0,87.91,73.16,80.6,96.9,61.0,1.68,1.08,1.35,0.0,30.0,17.01,8.2,12.9,12.36,3.0,16.67,4,4.0828911325187205
177,0,Vista Medical Center East,2.2666666666666697,1.96,2.0,2.52,2.56,1.7826086956521698,0.0,73.0,48660.0,2.0,2.0,228,72.0,48.0,58.0,55.0,82.0,48.0,40.0,0.0,85.05,58.17,79.46,0.0,52.0,0.0,0.0,0.0,0.0,22.0,14.26,5.01,10.39,0.0,3.0,28.85,3,5.371219600798314
178,0,Wabash General Hospital,2.2,3.0,2.6,2.8,3.0,2.6,0.0,92.0,5862.0,2.0,2.0,25,93.0,81.0,92.0,88.0,92.0,85.0,64.0,0.0,0.0,69.04,0.0,0.0,86.0,0.0,0.0,0.0,0.0,2.0,0.0,11.37,0.0,0.0,0.0,20.0,0,4.47213595499958
179,0,Warner Hospital and Health Services,3.0857142857142903,2.93548387096774,3.1666666666666696,2.78333333333333,2.9166666666666696,2.77777777777778,0.0,90.0,5062.0,2.0,2.0,23,89.0,85.0,73.0,86.0,88.0,76.0,48.0,0.0,100.0,76.14,0.0,0.0,84.0,0.0,7.9,0.0,0.0,15.0,0.0,6.57,0.0,0.0,0.0,30.77,1,5.547071299343465
180,0,Washington County Hospital,3.7,3.8,3.6,3.3,3.5,3.5,0.0,89.0,2208.0,2.0,2.0,50,84.0,63.0,88.0,74.0,95.0,76.0,51.0,0.0,0.0,58.99,0.0,0.0,75.0,0.0,0.0,0.0,0.0,18.0,0.0,15.91,0.0,0.0,0.0,38.89,1,6.236184731067546
181,0,Weiss Memorial Hospital,3.6,3.6,3.6,3.2,3.3,3.3,0.0,72.0,20060.0,2.0,2.0,237,72.0,50.0,64.0,61.0,84.0,57.0,48.0,0.0,93.58,78.97,0.0,0.0,59.0,3.89,1.52,0.0,0.0,29.0,14.89,6.9,0.0,0.0,3.0,47.06,2,6.860029154456998
182,0,West Suburban Medical Center,2.8333333333333304,2.46666666666667,2.6666666666666696,2.46666666666667,2.35714285714286,2.5,0.0,80.0,49143.0,2.0,2.0,234,77.0,61.0,72.0,65.0,85.0,61.0,49.0,0.0,100.0,78.38,91.57,0.0,61.0,11.96,3.01,1.25,0.0,74.0,14.89,6.83,10.79,0.0,3.0,28.57,3,5.345091205957107
183,0,Westlake Hospital,3.4375,3.4166666666666696,3.09090909090909,2.81818181818182,3.2727272727272703,2.7272727272727297,0.0,77.0,16804.0,2.0,2.0,0,75.0,56.0,63.0,63.0,79.0,57.0,40.0,0.0,87.71,83.03,75.31,0.0,63.0,0.54,1.3,0.0,0.0,24.0,13.16,6.66,11.87,0.0,3.0,33.33,3,5.773214009544423
